City_ID,City,Country,Max Temp,Current Description,Lat,Lng,Hotel Name
0,Souillac,MU,68.38,scattered clouds,-20.5167,57.5167,Shanti Maurice Resort & Spa
1,Saint-Philippe,RE,65.79,light rain,-21.3585,55.7679,Le four √† pain
4,Berlevag,NO,62.4,light rain,70.8578,29.0864,Kvitbrakka
6,Ribeira Grande,PT,75.0,scattered clouds,38.5167,-28.7,Quinta da Meia Eira
8,Lorengau,PG,82.71,overcast clouds,-2.0226,147.2712,Lorengau Harbourside Hotel
11,Yellowknife,CA,72.12,few clouds,62.456,-114.3525,The Explorer Hotel
14,Port Alfred,ZA,65.39,few clouds,-33.5906,26.891,The Halyards Hotel
16,Heers,BE,63.61,broken clouds,50.75,5.3,B&B De Henehoeve
17,Atuona,PF,77.29,clear sky,-9.8,-139.0333,Villa Enata
19,Borovskoy,KZ,63.79,light rain,53.8,64.15,–ê—Ä–µ–Ω–¥–∞ –∂–∏–ª—å—è/–ë–∞–Ω—è
25,Nongstoin,IN,62.96,broken clouds,25.5167,91.2667,P.W.D. Inspection Bungalow
26,Vaini,TO,73.51,overcast clouds,-21.2,-175.2,Keleti Beach Resort
27,Melfi,IT,73.49,few clouds,40.9965,15.6514,HOTEL TERME DI RAPOLLA
29,Cap Malheureux,MU,68.47,clear sky,-19.9842,57.6142,Pereybere Hotel & Spa
30,Nikolskoye,RU,64.78,overcast clouds,59.7035,30.7861,Tourist House - Sablino
31,Naukot,PK,80.76,overcast clouds,24.8587,69.4024,Rolak Sigrat Shop
32,Hue,VN,78.91,scattered clouds,16.4667,107.6,Saigon Morin Hotel
33,Hithadhoo,MV,79.75,moderate rain,-0.6,73.0833,Scoop Guest House
38,Jiuquan,CN,74.73,few clouds,39.7432,98.5174,Jiuquan Hotel
39,Bethel,US,84.34,clear sky,41.3712,-73.414,Courtyard by Marriott Danbury
40,Carutapera,BR,78.37,overcast clouds,-1.195,-46.02,Lidera
41,Sao Joao Da Barra,BR,73.49,few clouds,-21.6403,-41.0511,Pousada Porto De Canoas
44,Beaverlodge,CA,79.95,clear sky,55.2166,-119.4361,Side Trax Inn
45,Bairiki,KI,82.4,light rain,1.3292,172.9752,Tarawa Boutique Hotel
46,Albany,US,79.57,overcast clouds,42.6001,-73.9662,
49,Rikitea,PF,75.4,broken clouds,-23.1203,-134.9692,People ThankYou
51,Mwandiga,TZ,72.27,few clouds,-4.83,29.6581,Kigoma Highland Motel
52,Norman Wells,CA,82.44,broken clouds,65.282,-126.8329,Heritage Hotel
55,Brainerd,US,71.85,mist,46.358,-94.2008,"Holiday Inn Express & Suites Brainerd-Baxter, an IHG Hotel"
57,Urumqi,CN,74.35,clear sky,43.801,87.6005,Hua Ling Grand Hotel Urumqi
58,Dakar,SN,82.53,scattered clouds,14.6937,-17.4441,Novotel Dakar
60,Avarua,CK,75.25,broken clouds,-21.2078,-159.775,Paradise Inn
62,Tocopilla,CL,62.74,scattered clouds,-22.092,-70.1979,Hotel Galvarino
63,Aklavik,CA,65.37,overcast clouds,68.2191,-135.0107,Aklavik Inn
65,Alyangula,AU,71.06,clear sky,-13.8483,136.4192,Groote Eylandt Lodge
68,Meulaboh,ID,74.46,light rain,4.1363,96.1285,Kost Pria
71,Porto Walter,BR,77.36,overcast clouds,-8.2686,-72.7439,Hotel Silva
72,Khatanga,RU,69.1,overcast clouds,71.9667,102.5,"""Khatanga"""
73,Puerto Ayora,EC,76.96,overcast clouds,-0.7393,-90.3518,Finch Bay Galapagos Hotel
74,Belmonte,BR,71.42,clear sky,-15.8631,-38.8828,Pousada Monte Carmelo O P√£o
77,Shaoyang,CN,76.42,overcast clouds,27.2315,111.4525,IU Hotel Shaoyang Xihu Road
78,Jamestown,US,79.02,overcast clouds,42.097,-79.2353,Hampton Inn & Suites Jamestown
79,Port-Gentil,GA,74.19,broken clouds,-0.7193,8.7815,Fengshui Residence
82,East London,ZA,63.77,few clouds,-33.0153,27.9116,Tu Casa
83,Jiaozuo,CN,76.01,clear sky,35.2397,113.2331,Days Hotel and Suites Jiaozuo
84,Sambava,MG,66.6,few clouds,-14.2667,50.1667,Melrose
85,Tuktoyaktuk,CA,62.6,overcast clouds,69.4541,-133.0374,End of The Road Ltd.
88,Kapaa,US,84.18,scattered clouds,22.0752,-159.319,Sheraton Kauai Coconut Beach Resort
89,Cidreira,BR,61.48,scattered clouds,-30.1811,-50.2056,Hotel Castelo
90,Oyem,GA,66.72,overcast clouds,1.5995,11.5793,Commissariat de police
91,Guarapari,BR,69.85,broken clouds,-20.6667,-40.4975,Hotel Porto do Sol
93,Hingoli,IN,74.19,overcast clouds,19.7167,77.15,Hotel RW International
94,Jalu,LY,84.67,clear sky,29.0331,21.5482,ÿµÿßÿ≠ÿ®ÿ© ÿßŸÑŸÅÿÆÿßŸÖÿ©
97,Gat,IL,80.4,clear sky,31.61,34.7642,OlusHome
99,Laiyang,CN,73.22,overcast clouds,36.9758,120.7136,Ëé±Èò≥ÊÅíÈì∂ÂÆæÈ¶Ü
100,Filadelfia,US,82.71,overcast clouds,39.9523,-75.1638,"The Ritz-Carlton, Philadelphia"
102,Denpasar,ID,76.71,few clouds,-8.65,115.2167,OYO 3156 Hotel Warta 2
103,Sao Filipe,CV,77.85,overcast clouds,14.8961,-24.4956,Hotel Xaguate
105,Tateyama,JP,79.11,broken clouds,34.9833,139.8667,Tateyama Seaside Hotel
106,Kango,GA,74.55,broken clouds,0.1943,10.0951,H√¥tel Bar Restaurant Le Bercail
107,Fortuna,US,71.92,scattered clouds,40.5982,-124.1573,Super 8 by Wyndham Fortuna
108,Akcaabat,TR,71.47,clear sky,41.0212,39.5715,AKOF APART
109,Port Hardy,CA,68.18,clear sky,50.6996,-127.4199,Airport Inn-Port Hardy
115,Katsuura,JP,80.49,broken clouds,35.1333,140.3,Katsuura Hotel Mikazuki
116,Methoni,GR,84.22,clear sky,36.8197,21.7049,Methoni Beach Hotel
117,Chalons-En-Champagne,FR,66.27,overcast clouds,48.9539,4.3672,Hotel D'Angleterre
118,Carnarvon,AU,61.88,clear sky,-24.8667,113.6333,Hospitality Carnarvon
119,Thompson,CA,64.56,broken clouds,55.7435,-97.8558,Burntwood Hotel
121,Georgetown,MY,80.89,thunderstorm,5.4112,100.3354,Cititel Penang
122,Kloulklubed,PW,73.9,overcast clouds,7.0419,134.2556,Storyboard Beach Resort
129,Palmer,US,81.25,broken clouds,42.1584,-72.3287,Wedgewood Motel
130,Oussouye,SN,80.69,overcast clouds,12.485,-16.5469,Auberge du Routard
131,Sobolevo,RU,61.25,clear sky,54.4299,31.8996,
141,Bayan,CN,73.56,few clouds,46.0833,127.4,Wanhao Inn
142,Sioux Lookout,CA,71.67,broken clouds,50.1001,-91.917,Knobby's Fly-In Camps
143,Wewak,PG,78.15,overcast clouds,-3.5534,143.6268,In Wewak Boutique Hotel
146,Elizabeth City,US,78.06,few clouds,36.2946,-76.2511,Hampton Inn Elizabeth City
147,Konstantinovka,RU,76.17,broken clouds,49.6167,127.9833,
148,Stonewall,CA,75.7,scattered clouds,50.1344,-97.3268,Rockwood Motor Inn & Motel
150,Butaritari,KI,82.18,few clouds,3.0707,172.7902,Isles Sunset Lodge
151,Saint Anthony,US,78.1,mist,45.0205,-93.218,"Holiday Inn Express Roseville-St. Paul, an IHG Hotel"
153,Ponta Do Sol,PT,81.23,clear sky,32.6667,-17.1,Hotel do Campo
154,Soeng Sang,TH,74.91,overcast clouds,14.4264,102.4606,‡∏õ‡∏≤‡∏ì‡∏¥‡∏™‡∏£‡∏≤ ‡∏£‡∏µ‡∏™‡∏≠‡∏£‡πå‡∏ó
157,Tautira,PF,74.12,moderate rain,-17.7333,-149.15,Pension Oaoa
158,Portel,BR,80.89,broken clouds,-1.9356,-50.8211,Kitnet do Marcos
159,Pisco,PE,64.45,mist,-13.7,-76.2167,Hotel San Isidro Oficial
161,Caravelas,BR,70.52,clear sky,-17.7125,-39.2481,Pousada dos Navegantes
163,Urucara,BR,80.56,broken clouds,-2.5364,-57.76,Pousada Maria Bonita
165,Suntar,RU,74.32,clear sky,62.1444,117.6319,–ì–æ—Å—Ç–µ–≤–∞—è –∫–≤–∞—Ä—Ç–∏—Ä–∞
166,Marystown,CA,66.85,overcast clouds,47.1666,-55.1483,Marystown Hotel & Convention Centre
167,Santiago Del Estero,AR,83.35,broken clouds,-27.7951,-64.2615,Apartamentos Castelli 90
168,Miandrivazo,MG,67.55,clear sky,-19.5167,45.4667,H√¥tel Arc En Ciel Miandrivazo
170,Hasaki,JP,81.0,overcast clouds,35.7333,140.8333,Inubosaki Kanko Hotel
171,Fethiye,TR,76.87,clear sky,36.6217,29.1164,Club & Hotel Letoonia
172,Ketchikan,US,73.87,clear sky,55.3422,-131.6461,Snow's Cove Lodge
175,Matara,LK,76.89,overcast clouds,5.9485,80.5353,Amaloh Boutique Resort
178,Huckelhoven,DE,64.9,scattered clouds,51.05,6.2167,Hotel Friends H√ºckelhoven
179,Kilindoni,TZ,75.67,broken clouds,-7.9139,39.6668,Bustani B&B
180,Bamiantong,CN,71.53,few clouds,44.9333,130.5333,Dehuiyuan Leisure Resort
181,Xinxiang,CN,75.38,clear sky,35.3089,113.8672,Guoyu Holiday Inn
182,Moosomin,CA,69.39,overcast clouds,50.1333,-101.6677,Motel 6
183,Kalmunai,LK,79.47,overcast clouds,7.4167,81.8167,VS Villa
184,Itaguai,BR,71.49,scattered clouds,-22.8522,-43.7753,It Grande Hotel Itaguai
187,Ocumare Del Tuy,VE,81.81,clear sky,10.1165,-66.7761,HOSTAL EDDYS
188,Moose Factory,CA,64.4,clear sky,51.2585,-80.6094,Cree Village Eco Lodge
189,Wattegama,LK,75.69,overcast clouds,6.7989,81.4808,
192,Cockburn Town,TC,82.45,clear sky,21.4612,-71.1419,Osprey Beach Hotel
193,Torbay,CA,72.37,broken clouds,47.6666,-52.7314,Gallows Cove
195,Port Elizabeth,ZA,61.32,clear sky,-33.918,25.5701,39 On Nile Guest House
196,Namibe,AO,63.39,broken clouds,-15.1961,12.1522,Hotel Chik Chik Namibe
197,Touros,BR,75.83,scattered clouds,-5.1989,-35.4608,INN NEW HORIZON
198,Maua,BR,64.2,clear sky,-23.6678,-46.4614,Hotel Capriccio Mau√°
199,Sembakung,ID,72.23,overcast clouds,3.8167,117.25,
201,Rocha,UY,61.38,overcast clouds,-34.4833,-54.3333,Hotel Arrarte
202,Cayenne,GF,80.1,broken clouds,4.9333,-52.3333,H√¥tel Le Dronmi
203,Tanete,ID,74.48,overcast clouds,-3.9443,119.7848,Wisma Tri Multi
204,Ronda,ES,73.62,clear sky,36.7423,-5.1671,Hotel Maestranza
205,Isangel,VU,77.11,overcast clouds,-19.55,169.2667,Tanna Lodge
206,Coruripe,BR,73.78,overcast clouds,-10.1256,-36.1756,Pousada e Hotel Litoral Sul
211,Buala,SB,81.9,overcast clouds,-8.145,159.5921,Maringe Lagoon Lodge
215,Grand Gaube,MU,68.4,clear sky,-20.0064,57.6608,Veranda Paul et Virginie Hotel & Spa
216,Hambantota,LK,75.54,broken clouds,6.1241,81.1185,Bungalow 63
217,Saskylakh,RU,69.84,scattered clouds,71.9167,114.0833,
218,Hutang,CN,77.13,scattered clouds,31.5333,119.4833,Dongyuan Restaurant
219,Pacific Grove,US,76.21,clear sky,36.6177,-121.9166,Lovers Point Inn
220,Amahai,ID,77.23,overcast clouds,-3.3333,128.9167,HOTEL ISABELA
221,Olga,RU,69.87,overcast clouds,43.7444,135.2892,Gostinitsa Rosmorport.
222,Puro,PH,80.4,broken clouds,12.4841,123.3827,
224,Saint-Dizier,FR,67.6,broken clouds,48.4167,5.0833,Le Val du Roy - Chambres d'h√¥tes
225,Bose,IT,80.19,light rain,45.4612,8.0137,Locanda Borgo Antico
226,Sale,MA,74.08,clear sky,34.0389,-6.8166,H√¥tel Mercure Rabat Sheherazade
227,Basco,PH,84.72,broken clouds,20.4487,121.9702,Nathaniel's Lodge
228,Taltal,CL,60.94,scattered clouds,-25.4,-70.4833,Residencial Karime
229,Maku,IR,69.67,clear sky,39.2911,44.4521,Maku Tourist Hotel
231,Ca Mau,VN,77.63,overcast clouds,9.1769,105.15,M∆∞·ªùng Thanh Luxury C√† Mau Hotel
233,Thinadhoo,MV,77.67,overcast clouds,0.5333,72.9333,
235,Klyuchi,RU,66.85,overcast clouds,52.2667,79.1667,Vesolaya Mayovka
237,Novyy Nekouz,RU,62.83,few clouds,57.9029,38.07,
238,Kirkkonummi,FI,65.05,scattered clouds,60.1238,24.4385,Karhukolo
239,Hesla,IN,78.04,overcast clouds,24.0667,85.8833,Chetlal Residence
240,La Ronge,CA,64.62,broken clouds,55.1001,-105.2842,Northland Motor Hotel
241,Lahti,RU,64.58,overcast clouds,59.9911,30.1597,Olgino Hotel
245,Bonavista,CA,65.37,overcast clouds,48.6499,-53.1147,Sweet Sharons bnb
250,Mahebourg,MU,68.29,scattered clouds,-20.4081,57.7,Shandrani Beachcomber Resort & Spa
251,Halifax,CA,80.49,scattered clouds,44.6453,-63.5724,Hotel Halifax
252,Huron,US,79.97,overcast clouds,41.1501,-82.5499,Meadow Brook Mobile Estates
255,Nemuro,JP,64.11,overcast clouds,43.3236,145.575,Hotel Nemuro Kaiyoutei
259,Kavaratti,IN,81.37,overcast clouds,10.5669,72.642,Green leaf
260,Tukrah,LY,78.91,clear sky,32.5341,20.5791,Lagrota restaurant
262,Fare,PF,77.14,broken clouds,-16.7,-151.0167,Maitai Lapita Village Huahine
264,Yenagoa,NG,74.91,overcast clouds,4.9247,6.2642,Aridolf Resort Wellness and Spa
267,Kaili,ID,66.79,overcast clouds,-3.4626,120.2147,
268,Zhenlai,CN,71.73,overcast clouds,45.8495,123.2973,
270,Bambous Virieux,MU,68.25,light rain,-20.3428,57.7575,Casa Tia Villa
273,Kudahuvadhoo,MV,81.73,scattered clouds,2.6708,72.8944,Niyama Private Islands Maldives
274,Maldonado,UY,63.79,overcast clouds,-34.6667,-54.9167,La Cimarrona
277,Sitka,US,60.69,overcast clouds,57.0531,-135.33,Westmark Sitka
278,Arraial Do Cabo,BR,71.56,clear sky,-22.9661,-42.0278,Pousada Porto Praia
280,Kulgam,IN,66.6,overcast clouds,33.65,75.0167,Noor bagh kulgam
281,Alofi,NU,76.89,broken clouds,-19.0595,-169.9187,Taloa Heights
282,Preobrazheniye,RU,71.76,overcast clouds,42.9019,133.9064,Campsite Orlan
283,Chute-Aux-Outardes,CA,69.78,few clouds,49.1168,-68.399,Camp St-Paul Gite Plein-Air
286,Buta,CD,70.75,overcast clouds,2.7858,24.73,H√¥tel BOPANDO
287,Matveyev Kurgan,RU,63.81,scattered clouds,47.5645,38.8695,Korona
290,Nago,JP,81.45,few clouds,26.5881,127.9761,Hotel Yugaf Inn Okinawa
291,Taywarah,AF,65.88,broken clouds,33.35,64.4167,
292,Kamenskiy,RU,64.58,light rain,50.8855,45.488,
293,Bay Roberts,CA,73.15,overcast clouds,47.5999,-53.2648,Stonewall Inn
296,Biak,ID,75.15,moderate rain,-0.9131,122.8766,Penginapan Kim
298,Jinka,ET,67.96,broken clouds,5.65,36.65,
299,Shubarkuduk,KZ,69.08,few clouds,49.1447,56.4872,Sirius
300,Vila Franca Do Campo,PT,73.81,scattered clouds,37.7167,-25.4333,Pestana Bahia Praia
301,Olinda,BR,73.13,mist,-8.0089,-34.8553,Flat Quatro Rodas Olinda
302,Yambio,SS,68.32,light rain,4.5721,28.3955,Naivasha Hotel
304,Akdepe,TM,78.89,clear sky,42.0551,59.3788,
305,Fairmont,US,73.38,overcast clouds,39.4851,-80.1426,Clarion Inn
307,Tual,ID,78.96,scattered clouds,-5.6667,132.75,Grand Vilia Hotel
310,Faanui,PF,77.67,broken clouds,-16.4833,-151.75,Bora-Bora Pearl Beach Resort & Spa
311,Baculin,PH,78.15,broken clouds,7.4525,126.5842,Baculin Cove Beach Resort
312,Yalova,TR,74.34,clear sky,40.655,29.2769,Grand Otel Karot Yalova
313,Visby,SE,62.82,scattered clouds,57.6409,18.296,Best Western Solhem Hotel Visby
314,Lookan,PH,82.36,overcast clouds,5.037,120.1027,
315,Umuahia,NG,72.86,light rain,5.5263,7.4896,Hotel Macbek Limited
316,Dali,CN,61.09,overcast clouds,25.7,100.1833,Dali Travelling With Hostel
317,Hamilton,US,78.24,haze,39.1834,-84.5333,Six Acres Bed & Breakfast
319,Gerash,IR,73.54,light rain,27.6652,54.1371,Sa'adat House Gerash
322,Bubaque,GW,79.86,overcast clouds,11.2833,-15.8333,"Casa Dora, Bubaque"
325,Soyo,AO,69.85,scattered clouds,-6.1349,12.3689,Hospedaria ndozi'ame
328,Acarau,BR,78.12,broken clouds,-2.8856,-40.12,castelo pizzaria
331,Camacha,PT,67.42,scattered clouds,33.0833,-16.3333,Hotel Porto Santo & Spa
332,Kovur,IN,81.19,scattered clouds,14.4833,79.9833,Hotel Yesh Park
334,Solnechnogorsk,RU,69.64,few clouds,56.1833,36.9833,Luch Hostel
335,Vila Velha,BR,75.15,scattered clouds,-20.3297,-40.2925,Hotel Vit√≥ria Palace
336,Entre Rios,BR,66.7,broken clouds,-11.9419,-38.0844,Pousada Porteira
341,Kotaparh,IN,73.11,overcast clouds,19.15,82.35,Atul Pattnaik
343,Saint-Denis,FR,67.23,clear sky,48.9167,2.3333,ibis budget Paris Porte de Montmartre
344,Kemijarvi,FI,61.34,light rain,66.7131,27.4306,Hotelli Kemij√§rvi
346,Roshchino,RU,65.68,overcast clouds,60.2519,29.6085,Hotel Galliard
347,Cururupu,BR,75.72,scattered clouds,-1.8283,-44.8683,POUSADA TRAV√âS'CIA
348,Bathsheba,BB,84.81,scattered clouds,13.2167,-59.5167,Atlantis Hotel
356,Pandan,PH,80.37,overcast clouds,14.0453,124.1694,Bonifacio Lodge
358,Makinsk,KZ,66.13,overcast clouds,52.6292,70.4169,Bereke
360,Bluefields,NI,77.07,scattered clouds,12.0137,-83.7635,Nicaraguan Typical House Downtown
362,Nha Trang,VN,77.0,overcast clouds,12.25,109.1833,Hanoi Golden Hotel
363,Kem,RU,61.43,overcast clouds,64.9555,34.5793,Kuzova
364,Saint-Pierre,RE,67.91,clear sky,-21.3393,55.4781,Alize Plage
365,Fort Nelson,CA,83.79,broken clouds,58.8053,-122.7002,The Fort Nelson Hotel
366,Kavieng,PG,83.26,overcast clouds,-2.5744,150.7967,Nusa Island Retreat
367,Salinopolis,BR,78.71,broken clouds,-0.6136,-47.3561,Salinas Park Resort Ma√ßarico AP101
368,Rogatica,BA,64.47,few clouds,43.8008,19.0025,Hotel Park
369,Ajdabiya,LY,79.61,clear sky,30.7554,20.2263,Almadina Hotel
370,Almeirim,BR,81.97,overcast clouds,-1.5233,-52.5817,Ric√°cio Hotel
372,Tezu,IN,73.63,broken clouds,27.9167,96.1667,Circuit House
373,Teknaf,BD,78.82,broken clouds,20.8624,92.3058,Forestry Guesthouse
374,Sinnamary,GF,79.52,scattered clouds,5.3833,-52.95,ALETHEIA Appartement Sinnamary
375,Omboue,GA,72.18,broken clouds,-1.5746,9.2618,Hotel Olako
376,Les Cayes,HT,84.58,scattered clouds,18.2,-73.75,Villa Orphee
380,Muli,MV,81.93,scattered clouds,2.9167,73.5667,Medhufushi Island Resort
381,Dabola,GN,72.63,moderate rain,10.75,-11.1167,Hotel Tinkisso
382,Janauba,BR,72.57,clear sky,-15.8025,-43.3089,Ouro Norte Palace Hotel
383,Perigueux,FR,64.08,clear sky,45.1833,0.7167,H√¥tel Mercure P√©rigueux Centre
385,Pemangkat,ID,77.29,overcast clouds,1.1667,108.9667,Ramah Kost KITA
386,Nuevitas,CU,83.64,overcast clouds,21.5453,-77.2644,Hotel Caonaba
387,Alibag,IN,77.07,light rain,18.6411,72.8792,"Radisson Blu Resort & Spa - Alibaug, India"
390,Roblin,CA,68.02,scattered clouds,51.23,-101.3565,"Harvest Moon Inn, Roblin Manitboa"
391,Kysyl-Syr,RU,70.07,clear sky,63.8986,122.7617,
393,Sal Rei,CV,78.37,broken clouds,16.1833,-22.9167,Marine Club Beach Resort
394,Bengkulu,ID,75.43,overcast clouds,-3.8004,102.2655,Grage Hotel Bengkulu
396,Lapeer,US,82.26,broken clouds,43.0514,-83.3188,"Holiday Inn Express Lapeer, an IHG Hotel"
398,Zhezkazgan,KZ,74.03,clear sky,47.8043,67.7144,Hotel Zumrat
401,Fuerte Olimpo,PY,83.66,clear sky,-21.0415,-57.8738,Hospedaje DAMI
402,Hajnowka,PL,62.02,overcast clouds,52.7433,23.5812,"Zajazd i Restauracja ""Wrota Lasu"""
404,Syracuse,IT,81.99,clear sky,37.0881,15.2792,Hotel Posta
405,Yablonovo,RU,63.03,moderate rain,50.8523,37.3574,
406,Huarmey,PE,65.82,broken clouds,-10.0681,-78.1522,Hotel Miramar
407,Marsh Harbour,BS,83.91,broken clouds,26.5412,-77.0636,Abaco Beach Resort
408,Ucluelet,CA,73.71,clear sky,48.9329,-125.5528,Black Rock Oceanfront Resort
409,Trairi,BR,77.97,overcast clouds,-3.2778,-39.2689,janelas do mar
411,Nishihara,JP,80.65,scattered clouds,26.1842,127.7558,Minshuku Agaihama
412,Kattivakkam,IN,83.07,few clouds,13.2167,80.3167,Euronova Freezer
413,Ilhabela,BR,68.31,few clouds,-23.7781,-45.3581,Ilha Flat Hotel
415,Sirnak,TR,73.47,clear sky,37.5228,42.4594,≈ûehr-i Nuh Otel
418,Bintulu,MY,75.61,scattered clouds,3.1667,113.0333,900 Boutique INN
421,Peleduy,RU,62.24,light rain,59.6289,112.7406,–ì–æ—Å—Ç–∏–Ω–∏—Ü–∞ ¬´–£—é—Ç¬ª
422,Novosergiyevka,RU,63.66,overcast clouds,52.0934,53.6528,Gostinichnyy Kompleks Edem
423,Frutal,BR,74.23,clear sky,-20.0247,-48.9406,Hotel Recanto Dos Ip√™s
424,Saint-Joseph,RE,64.78,few clouds,-21.3667,55.6167,"""Plantation Bed and Breakfast"
428,Tynda,RU,67.86,clear sky,55.1667,124.7167,"Gostinitsa ""Tayezhnaya"""
429,Alghero,IT,75.29,clear sky,40.5589,8.3181,Smy Carlos V Alghero
432,Joshimath,IN,70.95,overcast clouds,30.5667,79.5667,Shivalik Camps & Resort
433,Sukhumi,GE,69.85,broken clouds,43.0033,41.0153,Leon Boutique Hotel
434,Panzhihua,CN,70.66,light rain,26.5851,101.7128,Electric Power Hotel
436,San Felipe,VE,78.15,broken clouds,10.3399,-68.7425,Posada Llovizna Rodr√≠guez
438,Quatre Cocos,MU,68.11,light rain,-20.2078,57.7625,Sunrise Attitude Hotel
439,Tarbes,FR,64.87,overcast clouds,43.25,0.1667,Quelle Vue (Gite Rural)
442,Bonthe,SL,75.88,broken clouds,7.5264,-12.505,Bonthe Holiday Village
443,Utrecht,NL,60.96,overcast clouds,52.0,5.25,Night Dijk
444,Alindao,CF,71.13,light rain,5.0267,21.2088,OCHA Alindao
445,Rocky Mountain House,CA,69.3,broken clouds,52.3668,-114.9188,Walking Eagle Inn & Lodge
446,Ungheni,MD,76.28,clear sky,47.2042,27.7958,Iri-Dana
447,Panlaitan,PH,82.85,overcast clouds,12.1191,119.8486,SOUTH BEACH
448,Novikovo,RU,63.95,light rain,51.1537,37.8879,
450,Puerto Quijarro,BO,82.89,clear sky,-17.7833,-57.7667,Hotel palance
451,Minna,NG,74.88,light rain,9.6139,6.5569,Royal Park hotel & suites
452,Banes,CU,84.61,few clouds,20.9625,-75.7186,Hostal Iv√°n y yailet
453,Bandarbeyla,SO,76.3,scattered clouds,9.4942,50.8122,JABIR HOTEL
454,Mitsamiouli,KM,76.01,clear sky,-11.3847,43.2844,Foyer ADM
455,Mali,GN,61.12,light rain,12.079,-12.2982,Hotel La Dame de Mali
457,Eureka,US,73.2,broken clouds,40.8021,-124.1637,Eureka Inn Trademark By Wyndham
458,Nisia Floresta,BR,79.18,broken clouds,-6.0911,-35.2086,Rancho Crepusculo
459,Udachnyy,RU,68.45,overcast clouds,66.4167,112.4,Severnoye Siyaniye
460,Aykhal,RU,70.3,broken clouds,66.0,111.5,
461,Sardarpur,IN,72.27,broken clouds,22.678,74.9484,Shri Maya Lodge
462,Port Said,EG,80.58,clear sky,31.2565,32.2841,Aracan Hotel
464,Komsomolskiy,UZ,83.12,clear sky,40.4272,71.7189,Ikathouse
465,Cotonou,BJ,77.23,overcast clouds,6.3654,2.4183,Novotel Cotonou Orisha
466,Yingkou,CN,72.91,clear sky,40.6648,122.2283,Yingkou Juyin Junyue Hotel
470,Le Vauclin,MQ,84.25,few clouds,14.5452,-60.8388,H√¥tel Cap Macabou
471,Saint-Augustin,CA,67.55,broken clouds,51.226,-58.6502,
472,Koulamoutou,GA,72.03,overcast clouds,-1.1303,12.4736,Motel Bouenguidi
473,Alamosa,US,78.78,clear sky,37.4695,-105.87,Best Western Alamosa Inn
474,Half Moon Bay,US,84.42,overcast clouds,37.4636,-122.4286,"The Ritz-Carlton, Half Moon Bay"
475,Pangkalanbuun,ID,73.02,overcast clouds,-2.6833,111.6167,Grand Kecubung Hotel
477,Muros,ES,66.09,clear sky,42.7762,-9.0603,Apartment Av. Castelao
478,Hualmay,PE,64.44,broken clouds,-11.0964,-77.6139,Hotel Villa Kitzia Huacho
479,Abu Samrah,SY,77.4,clear sky,35.3029,37.1841,
482,Alihe,CN,66.07,moderate rain,50.5667,123.7167,Alihe Forestry Hotel
483,Tra Vinh,VN,76.8,overcast clouds,9.9347,106.3453,H·ªìng √Çn
484,Bouna,CI,71.46,overcast clouds,9.2667,-3.0,H√¥tel lababa
485,Salalah,OM,75.29,light intensity drizzle,17.0151,54.0924,"HAMDAN PLAZA HOTEL SALALAH, an HTG Hotel"
486,Nantucket,US,80.71,clear sky,41.2835,-70.0995,Jared Coffin House
489,Samarai,PG,79.11,scattered clouds,-10.6167,150.6667,Nuli Sapi
492,Wajir,KE,74.3,broken clouds,1.7471,40.0573,Mahatallah Hotel
493,Lagoa,PT,73.47,scattered clouds,39.05,-27.9833,Casa Das Faias
494,Strezhevoy,RU,60.85,overcast clouds,60.7333,77.5889,Sibiryachka
499,Qeshm,IR,84.09,heavy intensity rain,26.9581,56.2719,Qeshm Kavan Hotel
500,Gogaran,AM,60.64,scattered clouds,40.8926,44.1992,
501,Sasovo,RU,66.96,clear sky,54.3537,41.9199,Mini-gostinitsa
504,Omsukchan,RU,61.74,overcast clouds,62.5333,155.8,
505,Maceio,BR,74.64,overcast clouds,-9.6658,-35.7353,Hotel Ponta Verde Macei√≥
506,Pennathur,IN,79.36,overcast clouds,12.25,79.2333,ùó†ùó≤ùóøùóøùòÜ ùó∫ùóÆùòÅùóµùóÆ ùó∏ùóºùòÉùó∂ùóπ ùòÄùòÅùóøùó≤ùó≤ùòÅ
507,Margate,GB,63.3,overcast clouds,51.3813,1.3862,Premier Inn Margate hotel
510,Gushikawa,JP,80.6,clear sky,26.3544,127.8686,Kirari Guest House
511,Mirnyy,RU,71.24,clear sky,62.5353,113.9611,–∫–≤–∞—Ä—Ç–∏—Ä–∞
512,Karratha,AU,66.94,clear sky,-20.7377,116.8463,ibis Styles Karratha
514,Mocuba,MZ,62.98,overcast clouds,-16.8392,36.9856,Phama Lodge
515,Santa Maria,BR,67.3,clear sky,-29.6842,-53.8069,Hotel Morotin
518,Novopokrovka,UA,62.85,scattered clouds,49.8425,36.5477,–ü—É–¥–∂ –¥–æ–º
522,Musiri,IN,78.84,moderate rain,10.9333,78.45,HOTEL GATEWAY
524,Porto Torres,IT,75.38,clear sky,40.835,8.3972,Hotel Elisa
525,Poysdorf,AT,67.28,scattered clouds,48.6667,16.6333,Hotel & Restaurant Neustifter
528,Faya,SA,66.31,overcast clouds,18.3851,42.4509,ÿßŸÖŸÑÿßŸÉ ÿÆÿßŸÑÿØ ÿßŸÑÿ¥ÿπÿ¥Ÿàÿπ
529,San Roque,ES,83.23,clear sky,36.2107,-5.3842,Hotel Guadacorte Park
530,San Javier,ES,83.46,broken clouds,37.8063,-0.8374,Hotel Mar Menor
531,Chateaudun,FR,67.95,scattered clouds,48.0833,1.3333,"Logis H√¥tel ""Entre Beauce & Perche"""
532,Clyde,US,82.9,broken clouds,41.3042,-82.9752,Red Roof Inn Clyde
533,Okitipupa,NG,73.47,light rain,6.5047,4.7839,Coastal Hotel & Suites
535,Boende,CD,71.64,overcast clouds,-0.2167,20.8667,
536,Tunggol,PH,79.68,light rain,5.8446,121.1544,
538,Pucallpa,PE,80.64,broken clouds,-8.3791,-74.5539,Hotel Sol de Oriente - Pucallpa
539,Vytegra,RU,61.77,scattered clouds,61.0064,36.4481,Wardenclyffe Volgo&Balt
543,Bertoua,CM,68.32,light rain,4.5833,13.6833,Hotel De Paris
545,Aksu,CN,82.65,clear sky,41.1231,80.2644,Pudong Holiday Hotel
548,Tshane,BW,65.21,overcast clouds,-24.0196,21.8684,
549,Vao,NC,67.98,clear sky,-22.6667,167.4833,Hotel Kou-Bugny
551,Tari,NG,82.6,overcast clouds,12.4086,4.4914,
552,Atalaia,BR,73.9,overcast clouds,-9.5019,-36.0228,Boteco do tio
553,Lang Suan,TH,78.37,overcast clouds,9.9456,99.0785,Langsuan Resort
554,Jogighopa,IN,76.66,scattered clouds,26.2333,90.5833,DRDA Training center
555,San Quintin,MX,73.78,few clouds,30.4833,-115.95,Don Eddie's Sport Fishing Center
556,Frolishchi,RU,64.63,clear sky,56.4211,42.6533,
557,Harper,LR,75.49,overcast clouds,4.375,-7.7169,Screensaver
559,Kaspiyskiy,RU,78.03,scattered clouds,45.3929,47.3707,"Gostinitsa ""Gostevoy Dvor"""
560,Port Blair,IN,80.83,overcast clouds,11.6667,92.75,"Welcomhotel By ITC Hotels, Bay Island, Port Blair"
561,Gua Musang,MY,74.26,overcast clouds,4.8823,101.9644,Mines Inn Hotel
562,Chimbote,PE,64.42,broken clouds,-9.0853,-78.5783,Hotel Brili√°
564,Kibala,TD,75.15,scattered clouds,9.1104,18.3463,Prasant Hotels
566,Barra,BR,75.96,overcast clouds,-11.0894,-43.1417,Pousada Bahia
569,Ranong,TH,77.68,broken clouds,9.9658,98.6348,Numsai Khaosuay Resort Ranong
570,Parkersburg,US,76.15,overcast clouds,39.2667,-81.5615,The Blennerhassett Hotel
572,Beyneu,KZ,77.32,clear sky,45.3167,55.2,NUR
573,Alugan,PH,78.28,overcast clouds,12.2188,125.4808,JM Lodge
574,Benghazi,LY,80.51,clear sky,32.1167,20.0667,Tibesti Hotel
577,Zeya,RU,72.21,clear sky,53.75,127.2667,Kapital Inn
578,Neryungri,RU,69.8,clear sky,56.6709,124.6491,Pyat' Zvozd
579,Shirokiy,RU,69.85,clear sky,49.758,129.523,
580,Trenggalek,ID,71.01,scattered clouds,-8.05,111.7167,OYO 2966 Hotel Atriaz
581,Circleville,US,77.68,overcast clouds,39.6006,-82.946,"Holiday Inn Express & Suites Circleville, an IHG Hotel"
582,San Cristobal,VE,80.78,scattered clouds,7.7669,-72.225,Pirineos
583,Payo,ID,72.39,overcast clouds,-3.7508,103.6372,Mess keban agung
584,Hudson,US,84.2,clear sky,40.7168,-74.0663,Ramada by Wyndham Jersey City
586,Bandarban,BD,74.48,scattered clouds,22.1965,92.2262,HOTEL PLAZA BANDARBAN
590,Sabang,ID,80.58,moderate rain,5.8933,95.3214,Hotel Citra
591,Salinas,US,82.99,clear sky,36.6777,-121.6555,Laurel Inn & Conference Center
592,Naze,JP,74.32,clear sky,28.3667,129.4833,Shishime Hotel
593,Pho Thong,TH,80.24,scattered clouds,14.6673,100.4088,Pho Thong Inn
594,Diego De Almagro,CL,65.8,clear sky,-26.3667,-70.05,hotel luna del desierto
595,Abdanan,IR,81.32,clear sky,32.9926,47.4198,ÿÆÿØŸÖÿßÿ™ ŸÖŸàÿ®ÿß€åŸÑ ŸÖ€åÿ±ÿ≤ÿß€å€å
598,Dwarka,IN,81.93,overcast clouds,22.2394,68.9678,Hotel Narayan Avezika Comfort
600,Sechura,PE,70.39,overcast clouds,-5.5569,-80.8222,Hospedaje Costa Bella
601,Archidona,ES,80.91,clear sky,37.0965,-4.3887,Hotel Escua
602,Cabedelo,BR,75.87,broken clouds,-6.9811,-34.8339,Pousada Camboinha
603,Ouango,CF,70.86,overcast clouds,4.3133,22.5552,
604,Mormugao,IN,78.13,overcast clouds,15.4,73.8,Coconut Creek Resort
605,Rajbiraj,NP,79.84,overcast clouds,26.5333,86.75,Kolahatta
607,Zhangye,CN,67.42,clear sky,38.9342,100.4517,Zhangye Lvzhou Holiday Inn
608,Sorong,ID,76.1,broken clouds,-0.8833,131.25,Waigo Splash Hotel
609,Thunder Bay,CA,71.58,overcast clouds,48.4001,-89.3168,Victoria Inn Hotel and Convention Centre
611,Fez,MA,84.45,clear sky,34.0372,-4.9998,Hotel Mounia F√®s
612,Namatanai,PG,81.54,broken clouds,-3.6667,152.4333,Seagulls Inn Namatani
614,Korla,CN,81.75,clear sky,41.7597,86.1469,Gulisitan Hotel
615,Nanakuli,US,84.15,overcast clouds,21.3906,-158.1547,Camp PƒÅlehua
616,Moron,AR,69.94,overcast clouds,-34.6534,-58.6198,Hotel Mor√≥n
618,Ust-Nera,RU,67.24,scattered clouds,64.5667,143.2,Hotel Ust-Nera
620,San Mariano,PH,72.05,overcast clouds,7.5,126.0,MASING (HOME)
622,Tiarei,PF,78.82,moderate rain,-17.5333,-149.3333,Le Rocher de Tahiti
623,Tripoli,LY,82.04,clear sky,32.8752,13.1875,Al Waddan Hotel
624,Devils Lake,US,75.31,few clouds,48.1128,-98.8651,"Holiday Inn Express Devils Lake, an IHG Hotel"
625,Macapsing,PH,76.68,overcast clouds,15.6783,121.1319,Eloisa rigure cruz
629,Vitim,RU,61.75,overcast clouds,59.4511,112.5578,Gostinitsa V Apteke
630,North Bend,US,83.25,clear sky,43.4065,-124.2243,Red Lion Hotel Coos Bay
634,Nahan,IN,77.36,overcast clouds,30.55,77.3,Hotel Heritage Sanyam & Restaurant Ekant
636,Eyl,SO,76.5,clear sky,7.9803,49.8164,Amiin Hotel
637,Banda Aceh,ID,77.52,overcast clouds,5.5577,95.3222,OYO 884 Rumoh PMI Hotel
640,Bejar,ES,67.28,clear sky,40.3864,-5.7634,Posada Puerta Grande
642,High Level,CA,78.91,broken clouds,58.5169,-117.136,Days Inn by Wyndham High Level
644,Moose Jaw,CA,66.45,broken clouds,50.4001,-105.5344,Temple Gardens Hotel & Spa
647,Abapo,BO,79.25,clear sky,-18.8333,-63.4667,
648,Ishinomaki,JP,77.0,few clouds,38.4167,141.3,Ishinomaki Grand Hotel
651,Spencer,US,80.71,overcast clouds,43.1414,-95.1444,Reston Inn & Suites
652,Mayo,US,79.99,overcast clouds,38.8876,-76.5119,Resorts Resource Group International
653,Bonao,DO,82.38,scattered clouds,18.9369,-70.4092,POOL CITY HOTEL Bar & Lounge
654,Middle Island,US,81.28,clear sky,40.8843,-72.9373,Cathedral pines
655,Santa Luzia,BR,70.88,clear sky,-19.7697,-43.8514,Pousada Chao Earth
656,Paita,PE,65.77,overcast clouds,-5.0892,-81.1144,Hotel N√°utico de Paita
657,Tutoia,BR,78.46,scattered clouds,-2.7619,-42.2744,Tut√≥ia Pousada Vila Beach
659,Nchelenge,ZM,68.09,broken clouds,-9.3451,28.734,KD Travellers Home
662,Bognor Regis,GB,66.97,overcast clouds,50.7821,-0.6798,Royal Norfolk Hotel
663,San Juan Pueblo,HN,84.96,broken clouds,15.5833,-87.2333,Finca Kathy
664,Rafai,CF,68.94,overcast clouds,4.95,23.9167,
667,Waddan,LY,82.78,clear sky,29.1614,16.139,ŸÖÿ≠ŸÑ ÿßŸÑÿ¥ÿ±ŸäŸÅ ŸÖÿ≠ŸÖÿØ ÿßŸÑÿπÿßŸäÿ®
670,Wetaskiwin,CA,73.67,scattered clouds,52.9668,-113.3687,Best Western Wayside Inn
671,Yongan,CN,65.5,overcast clouds,39.6957,113.6871,Beiyue International Hotel
672,Mayumba,GA,69.06,few clouds,-3.432,10.6554,LIKWALE LODGE
674,Nizwa,OM,78.06,light rain,22.9333,57.5333,Orient Apartments
675,Okhotsk,RU,61.48,overcast clouds,59.3833,143.3,
676,Yumen,CN,73.49,clear sky,40.2833,97.2,
677,Labuhan,ID,74.14,broken clouds,-6.8844,112.2051,DoubleFAG
678,Inongo,CD,69.55,broken clouds,-1.95,18.2667,Hotel Du Lac
680,Guerrero Negro,MX,81.37,scattered clouds,27.9769,-114.0611,"Casa Laguna, Bed & Breakfast"
681,Krasnoyarka,RU,75.15,overcast clouds,55.3333,73.1167,"Country Complex ""Tsaritsyno"""
682,Guhagar,IN,78.04,light rain,17.4842,73.1929,Hotel Seawinds
683,Bafoulabe,ML,81.09,light rain,13.8065,-10.8321,Logement du Charg√© SIS Abdoul Karim Konat√©
684,Aanekoski,FI,61.86,broken clouds,62.6946,25.818,Tervahovi
685,Luanda,AO,71.6,broken clouds,-8.8368,13.2343,EPIC SANA Luanda
688,Hailar,CN,64.9,scattered clouds,49.2,119.7,Holiday Inn & Suites Hulunbuir
690,Kansas City,US,82.58,scattered clouds,39.0997,-94.5786,Hilton President Kansas City
691,Melo,UY,66.45,broken clouds,-32.3667,-54.1833,Hotel Juana
692,Decatur,US,75.97,overcast clouds,39.8403,-88.9548,Haworth Cottage
693,Tuy Hoa,VN,75.92,overcast clouds,13.0833,109.3,CenDeluxe Hotel Tuy Hoa
694,Corlu,TR,67.98,clear sky,41.1592,27.8,Divan √áorlu
695,Kununurra,AU,71.58,scattered clouds,-15.7667,128.7333,Hotel Kununurra
696,Santa Rosa,PH,78.78,overcast clouds,14.3122,121.1114,Erlyn‚Äôs Sta Rosa City Home
697,Rameswaram,IN,82.0,overcast clouds,9.2833,79.3,Daiwik Hotels Rameswaram
700,Sola,VU,81.27,broken clouds,-13.8833,167.55,Leumerus Bungalows
701,Pizarro,CO,79.68,light rain,4.9533,-77.366,Hotel Limonar
704,Daru,PG,76.05,overcast clouds,-9.0763,143.2092,Daru Lodge
705,Chuzhou,CN,73.8,clear sky,32.3219,118.2978,GreenTree Inn Chuzhou Langya Mountain Scenic Area Xijian Road Business Hotel
707,Port Arthur,CN,77.22,scattered clouds,38.8,121.2667,Friendship Hotel
708,Lahad Datu,MY,75.52,overcast clouds,5.0268,118.327,The 27th House
709,Sao Felix Do Xingu,BR,81.9,broken clouds,-6.6447,-51.995,Rio Xingu Camping
710,Kingston,JM,77.95,light rain,17.997,-76.7936,The Jamaica Pegasus Hotel
712,Inhambane,MZ,63.21,clear sky,-23.865,35.3833,Oceano
713,Wahpeton,US,75.92,broken clouds,46.2652,-96.6059,Select Inn Breckenridge
715,Raga,SS,69.28,overcast clouds,8.4596,25.678,
716,Ereymentau,KZ,72.14,overcast clouds,51.6199,73.1033,"Gostinitsa ""Dostyk"""
