City_ID,City,Country,Lat,Lng,Max Temp,Humidity,Cloudiness,Wind Speed,Current Description
0,Souillac,MU,-20.5167,57.5167,68.38,88,40,6.91,scattered clouds
1,Saint-Philippe,RE,-21.3585,55.7679,65.79,84,26,9.91,light rain
2,Busselton,AU,-33.65,115.3333,48.27,85,8,6.82,clear sky
3,Ushuaia,AR,-54.8,-68.3,31.66,74,20,1.14,few clouds
4,Berlevag,NO,70.8578,29.0864,62.4,88,100,4.61,light rain
5,Buraydah,SA,26.326,43.975,97.25,16,82,5.03,broken clouds
6,Ribeira Grande,PT,38.5167,-28.7,75.0,82,35,6.33,scattered clouds
7,Kruisfontein,ZA,-34.0033,24.7314,55.89,47,40,7.45,scattered clouds
8,Lorengau,PG,-2.0226,147.2712,82.71,77,86,9.55,overcast clouds
9,Tasiilaq,GL,65.6145,-37.6368,41.16,93,100,1.57,overcast clouds
10,Talnakh,RU,69.4865,88.3972,52.21,65,33,5.61,scattered clouds
11,Yellowknife,CA,62.456,-114.3525,72.12,46,20,6.91,few clouds
12,Punta Arenas,CL,-53.15,-70.9167,35.71,69,0,9.22,clear sky
13,Hilo,US,19.7297,-155.09,85.28,94,75,8.05,mist
14,Port Alfred,ZA,-33.5906,26.891,65.39,45,14,5.01,few clouds
15,Bredasdorp,ZA,-34.5322,20.0403,50.68,94,78,5.91,broken clouds
16,Heers,BE,50.75,5.3,63.61,79,75,5.75,broken clouds
17,Atuona,PF,-9.8,-139.0333,77.29,76,10,16.93,clear sky
18,Bolu,TR,40.6667,31.5833,59.59,84,0,2.77,clear sky
19,Borovskoy,KZ,53.8,64.15,63.79,88,100,11.65,light rain
20,Kodiak,US,57.79,-152.4072,53.11,71,0,8.05,clear sky
21,Flinders,AU,-34.5833,150.8552,51.19,68,4,11.99,clear sky
22,Ahipara,NZ,-35.1667,173.1667,57.02,75,98,14.27,overcast clouds
23,Hermanus,ZA,-34.4187,19.2345,47.8,87,75,5.68,broken clouds
24,Pevek,RU,69.7008,170.3133,34.65,84,79,7.49,broken clouds
25,Nongstoin,IN,25.5167,91.2667,62.96,97,74,1.21,broken clouds
26,Vaini,TO,-21.2,-175.2,73.51,72,100,12.88,overcast clouds
27,Melfi,IT,40.9965,15.6514,73.49,69,19,3.15,few clouds
28,Te Anau,NZ,-45.4167,167.7167,42.28,98,100,3.06,overcast clouds
29,Cap Malheureux,MU,-19.9842,57.6142,68.47,77,2,3.0,clear sky
30,Nikolskoye,RU,59.7035,30.7861,64.78,86,94,5.53,overcast clouds
31,Naukot,PK,24.8587,69.4024,80.76,85,100,8.34,overcast clouds
32,Hue,VN,16.4667,107.6,78.91,83,40,3.44,scattered clouds
33,Hithadhoo,MV,-0.6,73.0833,79.75,79,100,14.27,moderate rain
34,Esna,EG,25.2934,32.554,89.71,15,0,8.34,clear sky
35,Deniliquin,AU,-35.5333,144.9667,48.34,85,78,10.78,broken clouds
36,Chuy,UY,-33.6971,-53.4616,58.8,97,94,6.4,overcast clouds
37,Nanortalik,GL,60.1432,-45.2371,44.91,91,77,4.25,broken clouds
38,Jiuquan,CN,39.7432,98.5174,74.73,18,23,14.67,few clouds
39,Bethel,US,41.3712,-73.414,84.34,48,0,6.91,clear sky
40,Carutapera,BR,-1.195,-46.02,78.37,82,98,8.1,overcast clouds
41,Sao Joao Da Barra,BR,-21.6403,-41.0511,73.49,86,23,11.61,few clouds
42,San Carlos De Bariloche,AR,-41.1456,-71.3082,40.24,87,100,4.61,light rain
43,Rognan,NO,67.0953,15.3878,55.76,35,100,5.64,light rain
44,Beaverlodge,CA,55.2166,-119.4361,79.95,40,2,4.05,clear sky
45,Bairiki,KI,1.3292,172.9752,82.4,78,40,13.8,light rain
46,Albany,US,42.6001,-73.9662,79.57,51,96,7.99,overcast clouds
47,Bambamarca,PE,-6.6833,-78.5333,54.86,86,100,5.21,light rain
48,Tilichiki,RU,60.4667,166.1,56.01,66,100,3.65,overcast clouds
49,Rikitea,PF,-23.1203,-134.9692,75.4,73,70,12.15,broken clouds
50,Tamayo,DO,18.3947,-71.2029,91.11,70,20,14.97,few clouds
51,Mwandiga,TZ,-4.83,29.6581,72.27,64,13,2.77,few clouds
52,Norman Wells,CA,65.282,-126.8329,82.44,32,75,5.75,broken clouds
53,Gold Coast,AU,-28.0,153.4333,54.03,73,0,0.0,clear sky
54,Umm Lajj,SA,25.0213,37.2685,85.69,64,14,5.48,few clouds
55,Brainerd,US,46.358,-94.2008,71.85,88,100,8.05,mist
56,Kahului,US,20.8947,-156.47,87.82,64,20,23.02,few clouds
57,Urumqi,CN,43.801,87.6005,74.35,33,0,6.71,clear sky
58,Dakar,SN,14.6937,-17.4441,82.53,78,40,13.8,scattered clouds
59,Perth,AU,-31.9333,115.8333,55.58,95,40,8.05,scattered clouds
60,Avarua,CK,-21.2078,-159.775,75.25,60,75,11.5,broken clouds
61,Hobart,AU,-42.8794,147.3294,43.05,96,20,1.14,few clouds
62,Tocopilla,CL,-22.092,-70.1979,62.74,75,36,11.12,scattered clouds
63,Aklavik,CA,68.2191,-135.0107,65.37,36,100,17.76,overcast clouds
64,Biltine,TD,14.5333,20.9167,87.55,44,100,11.74,overcast clouds
65,Alyangula,AU,-13.8483,136.4192,71.06,69,0,16.58,clear sky
66,Nuevo Progreso,MX,23.1667,-97.95,93.54,49,52,10.0,broken clouds
67,Krasnoselkup,RU,65.7,82.4667,54.59,73,13,9.71,few clouds
68,Meulaboh,ID,4.1363,96.1285,74.46,91,100,5.28,light rain
69,Constitucion,CL,-35.3333,-72.4167,52.9,92,93,7.25,overcast clouds
70,Emerald,AU,-23.5333,148.1667,48.34,76,0,17.45,clear sky
71,Porto Walter,BR,-8.2686,-72.7439,77.36,83,94,2.59,overcast clouds
72,Khatanga,RU,71.9667,102.5,69.1,54,85,8.43,overcast clouds
73,Puerto Ayora,EC,-0.7393,-90.3518,76.96,88,100,5.01,overcast clouds
74,Belmonte,BR,-15.8631,-38.8828,71.42,75,6,9.37,clear sky
75,Barrow,US,71.2906,-156.7887,35.62,93,100,16.11,moderate rain
76,Mataura,NZ,-46.1927,168.8643,44.47,96,100,6.91,overcast clouds
77,Shaoyang,CN,27.2315,111.4525,76.42,77,87,3.94,overcast clouds
78,Jamestown,US,42.097,-79.2353,79.02,48,100,8.05,overcast clouds
79,Port-Gentil,GA,-0.7193,8.7815,74.19,82,76,15.5,broken clouds
80,Cape Town,ZA,-33.9258,18.4232,55.11,83,75,3.44,broken clouds
81,Leningradskiy,RU,69.3833,178.4167,34.45,96,100,7.54,overcast clouds
82,East London,ZA,-33.0153,27.9116,63.77,48,15,7.05,few clouds
83,Jiaozuo,CN,35.2397,113.2331,76.01,79,9,3.44,clear sky
84,Sambava,MG,-14.2667,50.1667,66.6,90,11,8.55,few clouds
85,Tuktoyaktuk,CA,69.4541,-133.0374,62.6,67,100,23.02,overcast clouds
86,Castro,BR,-24.7911,-50.0119,59.83,72,0,3.38,clear sky
87,New Norfolk,AU,-42.7826,147.0587,42.71,87,79,2.93,broken clouds
88,Kapaa,US,22.0752,-159.319,84.18,71,40,17.27,scattered clouds
89,Cidreira,BR,-30.1811,-50.2056,61.48,93,49,13.65,scattered clouds
90,Oyem,GA,1.5995,11.5793,66.72,98,93,2.28,overcast clouds
91,Guarapari,BR,-20.6667,-40.4975,69.85,86,52,6.04,broken clouds
92,Mehamn,NO,71.0357,27.8492,58.95,94,75,0.0,broken clouds
93,Hingoli,IN,19.7167,77.15,74.19,90,100,5.95,overcast clouds
94,Jalu,LY,29.0331,21.5482,84.67,39,5,15.75,clear sky
95,Rock Hill,US,34.9249,-81.0251,87.44,63,0,5.75,clear sky
96,Bluff,NZ,-46.6,168.3333,44.8,90,100,21.88,overcast clouds
97,Gat,IL,31.61,34.7642,80.4,56,0,3.31,clear sky
98,Qaanaaq,GL,77.484,-69.3632,43.84,65,19,4.45,few clouds
99,Laiyang,CN,36.9758,120.7136,73.22,93,87,6.55,overcast clouds
100,Filadelfia,US,39.9523,-75.1638,82.71,55,100,8.05,overcast clouds
101,Whitehaven,GB,54.549,-3.5841,55.65,83,71,1.01,broken clouds
102,Denpasar,ID,-8.65,115.2167,76.71,88,20,6.91,few clouds
103,Sao Filipe,CV,14.8961,-24.4956,77.85,83,91,2.44,overcast clouds
104,Atar,MR,20.5169,-13.0499,87.73,50,62,10.09,moderate rain
105,Tateyama,JP,34.9833,139.8667,79.11,89,76,12.91,broken clouds
106,Kango,GA,0.1943,10.0951,74.55,84,75,4.47,broken clouds
107,Fortuna,US,40.5982,-124.1573,71.92,68,36,4.0,scattered clouds
108,Akcaabat,TR,41.0212,39.5715,71.47,78,0,4.61,clear sky
109,Port Hardy,CA,50.6996,-127.4199,68.18,73,0,4.61,clear sky
110,Iqaluit,CA,63.7506,-68.5145,49.73,81,20,6.91,few clouds
111,Wadi Maliz,TN,36.4681,8.5495,91.06,33,0,0.56,clear sky
112,Richards Bay,ZA,-28.783,32.0377,56.39,84,0,7.92,clear sky
113,Lompoc,US,34.6391,-120.4579,86.14,67,0,14.97,clear sky
114,Verkhnyaya Inta,RU,65.9811,60.3094,48.31,84,100,13.09,overcast clouds
115,Katsuura,JP,35.1333,140.3,80.49,88,81,14.05,broken clouds
116,Methoni,GR,36.8197,21.7049,84.22,67,0,4.74,clear sky
117,Chalons-En-Champagne,FR,48.9539,4.3672,66.27,72,99,4.99,overcast clouds
118,Carnarvon,AU,-24.8667,113.6333,61.88,44,0,8.84,clear sky
119,Thompson,CA,55.7435,-97.8558,64.56,68,75,6.91,broken clouds
120,Chokurdakh,RU,70.6333,147.9167,50.83,51,87,12.08,overcast clouds
121,Georgetown,MY,5.4112,100.3354,80.89,91,20,2.3,thunderstorm
122,Kloulklubed,PW,7.0419,134.2556,73.9,70,100,3.98,overcast clouds
123,Tuatapere,NZ,-46.1333,167.6833,44.82,95,100,7.43,overcast clouds
124,Bilibino,RU,68.0546,166.4372,43.59,56,69,12.35,broken clouds
125,Selma,US,36.5708,-119.6121,101.64,31,0,4.61,clear sky
126,Narsaq,GL,60.9167,-46.05,57.42,86,39,4.16,scattered clouds
127,Lebu,CL,-37.6167,-73.65,52.21,81,3,16.22,clear sky
128,Klaksvik,FO,62.2266,-6.589,50.92,74,87,7.9,overcast clouds
129,Palmer,US,42.1584,-72.3287,81.25,50,75,10.36,broken clouds
130,Oussouye,SN,12.485,-16.5469,80.69,82,88,5.86,overcast clouds
131,Sobolevo,RU,54.4299,31.8996,61.25,89,4,1.81,clear sky
132,Provideniya,RU,64.3833,-173.3,48.36,71,0,11.18,clear sky
133,Kaitangata,NZ,-46.2817,169.8464,45.82,96,100,13.02,overcast clouds
134,Ardrishaig,GB,56.0157,-5.4481,50.11,94,47,2.8,scattered clouds
135,Kolvereid,NO,64.8655,11.6047,52.83,93,100,22.82,light rain
136,Anadyr,RU,64.75,177.4833,48.7,81,40,17.9,scattered clouds
137,Maniitsoq,GL,65.4167,-52.9,40.62,91,82,9.44,broken clouds
138,Gravdal,NO,68.1214,13.5031,51.69,100,75,11.5,broken clouds
139,Olafsvik,IS,64.8945,-23.7142,52.39,93,100,16.6,moderate rain
140,Bayangol,RU,50.6977,103.4656,41.92,93,99,3.0,overcast clouds
141,Bayan,CN,46.0833,127.4,73.56,92,15,3.98,few clouds
142,Sioux Lookout,CA,50.1001,-91.917,71.67,64,75,5.75,broken clouds
143,Wewak,PG,-3.5534,143.6268,78.15,87,93,8.01,overcast clouds
144,Portland,US,45.5234,-122.6762,100.92,33,0,9.22,clear sky
145,Pangnirtung,CA,66.1451,-65.7125,44.6,93,75,8.05,broken clouds
146,Elizabeth City,US,36.2946,-76.2511,78.06,94,20,3.44,few clouds
147,Konstantinovka,RU,49.6167,127.9833,76.17,67,67,4.43,broken clouds
148,Stonewall,CA,50.1344,-97.3268,75.7,57,25,14.52,scattered clouds
149,Codrington,AU,-38.2667,141.9667,50.83,94,83,9.19,broken clouds
150,Butaritari,KI,3.0707,172.7902,82.18,74,12,19.26,few clouds
151,Saint Anthony,US,45.0205,-93.218,78.1,82,100,6.91,mist
152,Airai,TL,-8.9266,125.4092,52.95,69,85,4.21,overcast clouds
153,Ponta Do Sol,PT,32.6667,-17.1,81.23,52,4,7.34,clear sky
154,Soeng Sang,TH,14.4264,102.4606,74.91,87,100,4.14,overcast clouds
155,Mount Isa,AU,-20.7333,139.5,53.37,40,0,5.75,clear sky
156,Byron Bay,AU,-28.65,153.6167,49.95,57,0,13.15,clear sky
157,Tautira,PF,-17.7333,-149.15,74.12,88,100,11.12,moderate rain
158,Portel,BR,-1.9356,-50.8211,80.89,72,60,2.19,broken clouds
159,Pisco,PE,-13.7,-76.2167,64.45,77,84,4.61,mist
160,Lavrentiya,RU,65.5833,-171.0,39.61,87,100,15.03,overcast clouds
161,Caravelas,BR,-17.7125,-39.2481,70.52,81,2,5.97,clear sky
162,Rosarito,MX,32.3333,-117.0333,88.63,68,71,10.0,broken clouds
163,Urucara,BR,-2.5364,-57.76,80.56,69,83,3.2,broken clouds
164,Longavi,CL,-35.9667,-71.6833,50.49,94,100,5.86,overcast clouds
165,Suntar,RU,62.1444,117.6319,74.32,74,1,4.07,clear sky
166,Marystown,CA,47.1666,-55.1483,66.85,100,100,3.0,overcast clouds
167,Santiago Del Estero,AR,-27.7951,-64.2615,83.35,44,74,5.68,broken clouds
168,Miandrivazo,MG,-19.5167,45.4667,67.55,78,0,3.6,clear sky
169,Port Hedland,AU,-20.3167,118.5667,55.45,58,14,8.05,few clouds
170,Hasaki,JP,35.7333,140.8333,81.0,87,91,16.04,overcast clouds
171,Fethiye,TR,36.6217,29.1164,76.87,35,0,6.78,clear sky
172,Ketchikan,US,55.3422,-131.6461,73.87,64,0,9.22,clear sky
173,Alice Springs,AU,-23.7,133.8833,27.95,93,0,0.0,clear sky
174,Lukovetskiy,RU,64.2956,41.9211,56.91,86,71,5.26,broken clouds
175,Matara,LK,5.9485,80.5353,76.89,91,92,5.93,overcast clouds
176,Husavik,IS,66.0449,-17.3389,53.19,79,99,4.7,overcast clouds
177,Rio Gallegos,AR,-51.6226,-69.2181,26.65,86,0,5.75,clear sky
178,Huckelhoven,DE,51.05,6.2167,64.9,76,40,3.0,scattered clouds
179,Kilindoni,TZ,-7.9139,39.6668,75.67,77,58,15.12,broken clouds
180,Bamiantong,CN,44.9333,130.5333,71.53,90,15,1.41,few clouds
181,Xinxiang,CN,35.3089,113.8672,75.38,82,8,4.81,clear sky
182,Moosomin,CA,50.1333,-101.6677,69.39,52,92,11.1,overcast clouds
183,Kalmunai,LK,7.4167,81.8167,79.47,82,100,3.83,overcast clouds
184,Itaguai,BR,-22.8522,-43.7753,71.49,83,40,5.75,scattered clouds
185,Abu Dhabi,AE,24.4667,54.3667,95.02,51,0,10.36,clear sky
186,Bronnoysund,NO,65.4625,12.1997,53.6,94,75,20.0,drizzle rain
187,Ocumare Del Tuy,VE,10.1165,-66.7761,81.81,70,5,2.68,clear sky
188,Moose Factory,CA,51.2585,-80.6094,64.4,77,0,14.97,clear sky
189,Wattegama,LK,6.7989,81.4808,75.69,92,98,2.26,overcast clouds
190,Baruun-Urt,MN,46.6806,113.2792,58.06,79,20,4.05,few clouds
191,Pulaski,US,34.7668,-92.3001,102.31,38,40,16.11,scattered clouds
192,Cockburn Town,TC,21.4612,-71.1419,82.45,79,3,18.72,clear sky
193,Torbay,CA,47.6666,-52.7314,72.37,85,75,17.27,broken clouds
194,Koslan,RU,63.4564,48.8989,52.68,60,59,3.91,broken clouds
195,Port Elizabeth,ZA,-33.918,25.5701,61.32,75,0,9.22,clear sky
196,Namibe,AO,-15.1961,12.1522,63.39,80,80,3.13,broken clouds
197,Touros,BR,-5.1989,-35.4608,75.83,80,34,12.62,scattered clouds
198,Maua,BR,-23.6678,-46.4614,64.2,86,7,6.69,clear sky
199,Sembakung,ID,3.8167,117.25,72.23,99,90,2.21,overcast clouds
200,Vredendal,ZA,-31.6683,18.5012,57.27,79,88,5.61,overcast clouds
201,Rocha,UY,-34.4833,-54.3333,61.38,96,98,4.56,overcast clouds
202,Cayenne,GF,4.9333,-52.3333,80.1,1,75,5.75,broken clouds
203,Tanete,ID,-3.9443,119.7848,74.48,94,94,6.4,overcast clouds
204,Ronda,ES,36.7423,-5.1671,73.62,36,0,4.61,clear sky
205,Isangel,VU,-19.55,169.2667,77.11,78,98,3.44,overcast clouds
206,Coruripe,BR,-10.1256,-36.1756,73.78,82,99,13.04,overcast clouds
207,Upernavik,GL,72.7868,-56.1549,38.17,89,85,10.83,overcast clouds
208,Saldanha,ZA,-33.0117,17.9442,53.65,88,11,7.61,few clouds
209,Saint George,US,37.1041,-113.5841,95.43,36,0,4.61,clear sky
210,Izhma,RU,65.0083,53.9113,52.14,73,52,2.84,broken clouds
211,Buala,SB,-8.145,159.5921,81.9,76,92,5.5,overcast clouds
212,Plettenberg Bay,ZA,-34.0527,23.3716,59.52,58,84,10.33,broken clouds
213,Honningsvag,NO,70.9821,25.9704,55.15,88,0,1.14,clear sky
214,Tahoua,NE,14.8888,5.2692,90.72,47,80,20.0,broken clouds
215,Grand Gaube,MU,-20.0064,57.6608,68.4,77,4,3.0,clear sky
216,Hambantota,LK,6.1241,81.1185,75.54,100,75,1.14,broken clouds
217,Saskylakh,RU,71.9167,114.0833,69.84,73,29,7.7,scattered clouds
218,Hutang,CN,31.5333,119.4833,77.13,91,36,1.99,scattered clouds
219,Pacific Grove,US,36.6177,-121.9166,76.21,74,0,16.11,clear sky
220,Amahai,ID,-3.3333,128.9167,77.23,88,86,9.28,overcast clouds
221,Olga,RU,43.7444,135.2892,69.87,86,100,5.75,overcast clouds
222,Puro,PH,12.4841,123.3827,80.4,82,76,4.29,broken clouds
223,Groa,NO,62.65,8.7167,53.4,98,100,9.04,overcast clouds
224,Saint-Dizier,FR,48.4167,5.0833,67.6,69,56,2.42,broken clouds
225,Bose,IT,45.4612,8.0137,80.19,68,37,9.86,light rain
226,Sale,MA,34.0389,-6.8166,74.08,88,3,0.0,clear sky
227,Basco,PH,20.4487,121.9702,84.72,74,68,4.54,broken clouds
228,Taltal,CL,-25.4,-70.4833,60.94,75,30,4.85,scattered clouds
229,Maku,IR,39.2911,44.4521,69.67,56,1,3.09,clear sky
230,Cabo San Lucas,MX,22.8909,-109.9124,92.5,55,20,12.66,few clouds
231,Ca Mau,VN,9.1769,105.15,77.63,92,100,4.65,overcast clouds
232,Port Lincoln,AU,-34.7333,135.8667,51.42,79,100,11.88,overcast clouds
233,Thinadhoo,MV,0.5333,72.9333,77.67,90,89,19.51,overcast clouds
234,Piet Retief,ZA,-27.0071,30.8132,41.56,89,0,2.73,clear sky
235,Klyuchi,RU,52.2667,79.1667,66.85,50,90,7.54,overcast clouds
236,Umm Kaddadah,SD,13.6017,26.6876,90.14,35,100,13.35,overcast clouds
237,Novyy Nekouz,RU,57.9029,38.07,62.83,91,19,1.61,few clouds
238,Kirkkonummi,FI,60.1238,24.4385,65.05,87,46,12.59,scattered clouds
239,Hesla,IN,24.0667,85.8833,78.04,84,87,5.3,overcast clouds
240,La Ronge,CA,55.1001,-105.2842,64.62,72,75,17.27,broken clouds
241,Lahti,RU,59.9911,30.1597,64.58,78,100,6.93,overcast clouds
242,Aden,YE,12.7794,45.0367,85.24,64,84,2.57,broken clouds
243,Mulchen,CL,-37.7167,-72.2333,53.46,93,99,5.46,overcast clouds
244,Haysville,US,37.5645,-97.3523,103.73,29,20,9.22,few clouds
245,Bonavista,CA,48.6499,-53.1147,65.37,89,100,17.4,overcast clouds
246,Grindavik,IS,63.8424,-22.4338,54.07,100,100,14.97,overcast clouds
247,Chapais,CA,49.7834,-74.8492,58.78,79,95,11.03,overcast clouds
248,Chissamba,AO,-12.1667,17.3333,58.5,36,1,3.31,clear sky
249,Berbera,SO,10.4396,45.0143,91.8,32,92,19.46,overcast clouds
250,Mahebourg,MU,-20.4081,57.7,68.29,88,40,6.91,scattered clouds
251,Halifax,CA,44.6453,-63.5724,80.49,63,40,18.41,scattered clouds
252,Huron,US,41.1501,-82.5499,79.97,66,94,3.49,overcast clouds
253,Havelock,US,34.8791,-76.9013,89.98,82,0,16.11,clear sky
254,Dalvik,IS,65.9702,-18.5286,55.33,81,100,3.24,overcast clouds
255,Nemuro,JP,43.3236,145.575,64.11,95,99,4.45,overcast clouds
256,Boguchany,RU,58.3814,97.4531,57.42,98,100,9.8,light rain
257,Vanavara,RU,60.34,102.2797,56.48,97,100,7.52,light rain
258,Mar Del Plata,AR,-38.0023,-57.5575,57.09,97,100,5.75,mist
259,Kavaratti,IN,10.5669,72.642,81.37,76,100,16.31,overcast clouds
260,Tukrah,LY,32.5341,20.5791,78.91,80,0,3.31,clear sky
261,Dikson,RU,73.5069,80.5464,43.43,97,100,27.04,light rain
262,Fare,PF,-16.7,-151.0167,77.14,75,68,7.05,broken clouds
263,La Romana,DO,18.4273,-68.9728,88.16,62,40,9.22,scattered clouds
264,Yenagoa,NG,4.9247,6.2642,74.91,93,94,3.29,overcast clouds
265,Ous,RU,60.9058,61.5186,51.37,70,78,5.1,broken clouds
266,Egvekinot,RU,66.3167,-179.1667,45.03,57,85,4.12,overcast clouds
267,Kaili,ID,-3.4626,120.2147,66.79,97,97,2.51,overcast clouds
268,Zhenlai,CN,45.8495,123.2973,71.73,81,99,9.71,overcast clouds
269,Khuzhir,RU,53.1939,107.3397,53.56,87,96,6.58,overcast clouds
270,Bambous Virieux,MU,-20.3428,57.7575,68.25,88,40,6.91,light rain
271,Bin Qirdan,TN,33.1378,11.2197,85.26,37,0,8.77,clear sky
272,Vestmannaeyjar,IS,63.4427,-20.2734,53.24,98,100,17.29,overcast clouds
273,Kudahuvadhoo,MV,2.6708,72.8944,81.73,77,35,17.63,scattered clouds
274,Maldonado,UY,-34.6667,-54.9167,63.79,95,99,3.49,overcast clouds
275,Cherskiy,RU,68.75,161.3,48.47,53,4,10.92,clear sky
276,Llangefni,GB,53.2556,-4.3106,57.72,74,75,3.44,broken clouds
277,Sitka,US,57.0531,-135.33,60.69,88,100,0.0,overcast clouds
278,Arraial Do Cabo,BR,-22.9661,-42.0278,71.56,83,0,11.5,clear sky
279,Parkes,AU,-33.1333,148.1833,36.36,83,4,5.53,clear sky
280,Kulgam,IN,33.65,75.0167,66.6,93,99,1.1,overcast clouds
281,Alofi,NU,-19.0595,-169.9187,76.89,61,75,13.8,broken clouds
282,Preobrazheniye,RU,42.9019,133.9064,71.76,84,100,1.12,overcast clouds
283,Chute-Aux-Outardes,CA,49.1168,-68.399,69.78,68,20,13.8,few clouds
284,Safaga,EG,26.7292,33.9365,87.58,43,0,3.2,clear sky
285,Penzance,GB,50.1186,-5.5371,56.08,69,19,11.79,few clouds
286,Buta,CD,2.7858,24.73,70.75,98,100,1.54,overcast clouds
287,Matveyev Kurgan,RU,47.5645,38.8695,63.81,83,25,2.06,scattered clouds
288,Bowmore,US,34.9421,-79.3031,96.64,52,0,14.97,clear sky
289,Longyearbyen,SJ,78.2186,15.6401,48.04,81,75,4.61,broken clouds
290,Nago,JP,26.5881,127.9761,81.45,80,14,7.45,few clouds
291,Taywarah,AF,33.35,64.4167,65.88,38,79,2.08,broken clouds
292,Kamenskiy,RU,50.8855,45.488,64.58,87,10,3.06,light rain
293,Bay Roberts,CA,47.5999,-53.2648,73.15,88,100,7.0,overcast clouds
294,Mount Gambier,AU,-37.8333,140.7667,48.38,94,81,6.02,broken clouds
295,Itaituba,BR,-4.2761,-55.9836,91.56,58,40,5.75,scattered clouds
296,Biak,ID,-0.9131,122.8766,75.15,90,92,6.69,moderate rain
297,Sohag,EG,26.557,31.6948,86.67,14,0,6.31,clear sky
298,Jinka,ET,5.65,36.65,67.96,49,83,6.13,broken clouds
299,Shubarkuduk,KZ,49.1447,56.4872,69.08,60,15,4.61,few clouds
300,Vila Franca Do Campo,PT,37.7167,-25.4333,73.81,92,34,4.83,scattered clouds
301,Olinda,BR,-8.0089,-34.8553,73.13,88,100,10.36,mist
302,Yambio,SS,4.5721,28.3955,68.32,98,100,4.14,light rain
303,Ayan,RU,56.45,138.1667,59.77,78,86,6.55,overcast clouds
304,Akdepe,TM,42.0551,59.3788,78.89,34,0,5.1,clear sky
305,Fairmont,US,39.4851,-80.1426,73.38,93,100,3.24,overcast clouds
306,Koshurnikovo,RU,54.1667,93.3,44.58,99,30,1.36,scattered clouds
307,Tual,ID,-5.6667,132.75,78.96,79,35,24.4,scattered clouds
308,Laguna,US,38.421,-121.4238,98.08,35,0,6.91,clear sky
309,Srednekolymsk,RU,67.45,153.6833,47.37,58,94,14.67,overcast clouds
310,Faanui,PF,-16.4833,-151.75,77.67,74,65,9.86,broken clouds
311,Baculin,PH,7.4525,126.5842,78.15,83,64,4.54,broken clouds
312,Yalova,TR,40.655,29.2769,74.34,66,0,7.7,clear sky
313,Visby,SE,57.6409,18.296,62.82,67,40,18.41,scattered clouds
314,Lookan,PH,5.037,120.1027,82.36,76,98,5.93,overcast clouds
315,Umuahia,NG,5.5263,7.4896,72.86,95,100,3.76,light rain
316,Dali,CN,25.7,100.1833,61.09,94,100,4.68,overcast clouds
317,Hamilton,US,39.1834,-84.5333,78.24,81,100,4.61,haze
318,La Cruz,MX,23.9167,-106.9,87.85,63,100,8.34,overcast clouds
319,Gerash,IR,27.6652,54.1371,73.54,66,100,7.83,light rain
320,Pesqueria,MX,25.7833,-100.05,97.05,22,38,15.17,scattered clouds
321,Hvide Sande,DK,56.0045,8.1294,56.08,70,99,28.43,overcast clouds
322,Bubaque,GW,11.2833,-15.8333,79.86,76,100,11.01,overcast clouds
323,Kedrovyy,RU,56.1667,91.8167,48.87,98,100,4.59,overcast clouds
324,Hovd,MN,48.0056,91.6419,57.9,41,4,2.04,clear sky
325,Soyo,AO,-6.1349,12.3689,69.85,89,42,6.82,scattered clouds
326,Vardo,NO,70.3705,31.1107,57.18,94,100,4.61,overcast clouds
327,Dana Point,US,33.467,-117.6981,95.94,71,40,5.01,scattered clouds
328,Acarau,BR,-2.8856,-40.12,78.12,74,54,14.52,broken clouds
329,Lata,PT,40.1629,-8.3327,56.48,93,0,2.86,clear sky
330,Okmulgee,US,35.6234,-95.9605,106.09,24,40,11.5,scattered clouds
331,Camacha,PT,33.0833,-16.3333,67.42,83,40,16.11,scattered clouds
332,Kovur,IN,14.4833,79.9833,81.19,71,42,7.29,scattered clouds
333,Kathu,TH,7.9178,98.3332,86.7,99,88,5.95,overcast clouds
334,Solnechnogorsk,RU,56.1833,36.9833,69.64,90,14,2.24,few clouds
335,Vila Velha,BR,-20.3297,-40.2925,75.15,73,40,4.61,scattered clouds
336,Entre Rios,BR,-11.9419,-38.0844,66.7,97,54,4.0,broken clouds
337,Dzilam Gonzalez,MX,21.2833,-88.9333,86.49,63,95,9.31,overcast clouds
338,Batemans Bay,AU,-35.7167,150.1833,51.1,65,19,6.73,few clouds
339,Tiksi,RU,71.6872,128.8694,52.93,77,60,0.92,broken clouds
340,Zyryanskoye,RU,56.8306,86.6258,57.52,82,100,3.78,overcast clouds
341,Kotaparh,IN,19.15,82.35,73.11,93,100,4.29,overcast clouds
342,Lyngseidet,NO,69.5763,20.2189,57.2,100,100,3.78,light rain
343,Saint-Denis,FR,48.9167,2.3333,67.23,67,0,9.22,clear sky
344,Kemijarvi,FI,66.7131,27.4306,61.34,94,100,11.81,light rain
345,Ostrovnoy,RU,68.0531,39.5131,59.32,74,100,17.43,overcast clouds
346,Roshchino,RU,60.2519,29.6085,65.68,76,100,6.26,overcast clouds
347,Cururupu,BR,-1.8283,-44.8683,75.72,85,45,3.69,scattered clouds
348,Bathsheba,BB,13.2167,-59.5167,84.81,79,40,19.57,scattered clouds
349,Dubbo,AU,-32.25,148.6167,33.93,93,0,8.05,clear sky
350,Somerton,US,32.5964,-114.7097,107.37,27,20,5.75,few clouds
351,Scarborough,GB,54.2797,-0.4044,53.91,86,87,2.59,overcast clouds
352,Burnie,AU,-41.0667,145.9167,46.92,71,8,8.43,clear sky
353,Ilulissat,GL,69.2167,-51.1,46.42,87,75,10.36,broken clouds
354,Karasjok,NO,69.4719,25.5112,58.35,99,100,4.47,light rain
355,San Patricio,US,28.017,-97.5169,97.52,41,51,17.65,broken clouds
356,Pandan,PH,14.0453,124.1694,80.37,84,99,5.39,overcast clouds
357,General Roca,AR,-39.0333,-67.5833,40.62,94,100,9.84,light rain
358,Makinsk,KZ,52.6292,70.4169,66.13,72,94,11.95,overcast clouds
359,Opuwo,NA,-18.0607,13.84,61.59,30,17,5.61,few clouds
360,Bluefields,NI,12.0137,-83.7635,77.07,78,40,0.0,scattered clouds
361,Coahuayana,MX,18.7333,-103.6833,88.65,59,84,6.42,broken clouds
362,Nha Trang,VN,12.25,109.1833,77.0,89,96,3.56,overcast clouds
363,Kem,RU,64.9555,34.5793,61.43,84,91,10.2,overcast clouds
364,Saint-Pierre,RE,-21.3393,55.4781,67.91,70,0,9.22,clear sky
365,Fort Nelson,CA,58.8053,-122.7002,83.79,39,75,8.05,broken clouds
366,Kavieng,PG,-2.5744,150.7967,83.26,70,89,12.88,overcast clouds
367,Salinopolis,BR,-0.6136,-47.3561,78.71,85,77,9.71,broken clouds
368,Rogatica,BA,43.8008,19.0025,64.47,96,23,3.22,few clouds
369,Ajdabiya,LY,30.7554,20.2263,79.61,65,0,10.8,clear sky
370,Almeirim,BR,-1.5233,-52.5817,81.97,66,97,4.12,overcast clouds
371,Taupo,NZ,-38.6833,176.0833,49.78,94,100,16.42,overcast clouds
372,Tezu,IN,27.9167,96.1667,73.63,94,81,2.55,broken clouds
373,Teknaf,BD,20.8624,92.3058,78.82,84,62,4.27,broken clouds
374,Sinnamary,GF,5.3833,-52.95,79.52,81,33,6.51,scattered clouds
375,Omboue,GA,-1.5746,9.2618,72.18,85,73,9.22,broken clouds
376,Les Cayes,HT,18.2,-73.75,84.58,69,30,10.58,scattered clouds
377,Broken Hill,AU,-31.95,141.4333,42.51,86,1,4.7,clear sky
378,Esperance,AU,-33.8667,121.9,53.44,80,100,5.68,overcast clouds
379,Ustka,PL,54.5805,16.8619,52.65,69,3,15.68,clear sky
380,Muli,MV,2.9167,73.5667,81.93,77,44,17.18,scattered clouds
381,Dabola,GN,10.75,-11.1167,72.63,94,94,1.3,moderate rain
382,Janauba,BR,-15.8025,-43.3089,72.57,37,0,8.5,clear sky
383,Perigueux,FR,45.1833,0.7167,64.08,69,2,6.2,clear sky
384,Adrar,MR,20.5022,-10.0711,101.41,16,70,7.38,broken clouds
385,Pemangkat,ID,1.1667,108.9667,77.29,89,100,5.48,overcast clouds
386,Nuevitas,CU,21.5453,-77.2644,83.64,76,99,17.72,overcast clouds
387,Alibag,IN,18.6411,72.8792,77.07,83,100,2.35,light rain
388,Kongoussi,BF,13.3258,-1.5347,86.14,57,95,11.97,overcast clouds
389,Turochak,RU,52.2576,87.1224,50.18,96,22,2.53,few clouds
390,Roblin,CA,51.23,-101.3565,68.02,58,46,16.04,scattered clouds
391,Kysyl-Syr,RU,63.8986,122.7617,70.07,74,9,6.46,clear sky
392,Port Augusta,AU,-32.5,137.7667,42.33,80,30,2.46,scattered clouds
393,Sal Rei,CV,16.1833,-22.9167,78.37,80,66,5.12,broken clouds
394,Bengkulu,ID,-3.8004,102.2655,75.43,87,100,3.47,overcast clouds
395,Mehriz,IR,31.5917,54.4318,90.1,38,100,7.16,overcast clouds
396,Lapeer,US,43.0514,-83.3188,82.26,31,75,0.0,broken clouds
397,Straumen,NO,63.8709,11.2999,53.6,90,100,15.55,overcast clouds
398,Zhezkazgan,KZ,47.8043,67.7144,74.03,50,0,6.06,clear sky
399,Kungurtug,RU,50.5994,97.5228,42.57,79,100,1.25,overcast clouds
400,Hervey Bay,AU,-25.2986,152.8535,53.92,55,0,12.03,clear sky
401,Fuerte Olimpo,PY,-21.0415,-57.8738,83.66,24,0,4.56,clear sky
402,Hajnowka,PL,52.7433,23.5812,62.02,88,100,5.01,overcast clouds
403,Ulaangom,MN,49.9811,92.0667,54.64,69,100,6.26,overcast clouds
404,Syracuse,IT,37.0881,15.2792,81.99,71,0,0.51,clear sky
405,Yablonovo,RU,50.8523,37.3574,63.03,94,88,6.24,moderate rain
406,Huarmey,PE,-10.0681,-78.1522,65.82,77,57,11.1,broken clouds
407,Marsh Harbour,BS,26.5412,-77.0636,83.91,76,75,15.17,broken clouds
408,Ucluelet,CA,48.9329,-125.5528,73.71,65,0,3.47,clear sky
409,Trairi,BR,-3.2778,-39.2689,77.97,72,99,10.8,overcast clouds
410,Dudinka,RU,69.4058,86.1778,52.63,82,50,7.52,scattered clouds
411,Nishihara,JP,26.1842,127.7558,80.65,86,40,4.61,scattered clouds
412,Kattivakkam,IN,13.2167,80.3167,83.07,82,20,7.74,few clouds
413,Ilhabela,BR,-23.7781,-45.3581,68.31,91,24,4.07,few clouds
414,Wasco,US,35.5941,-119.341,99.14,15,0,6.91,clear sky
415,Sirnak,TR,37.5228,42.4594,73.47,14,0,5.55,clear sky
416,Saint-Louis,SN,16.3333,-15.0,91.04,52,30,8.95,scattered clouds
417,Nome,US,64.5011,-165.4064,45.16,76,100,18.41,overcast clouds
418,Bintulu,MY,3.1667,113.0333,75.61,94,40,8.05,scattered clouds
419,Zaigrayevo,RU,51.8336,108.2703,53.4,90,100,7.02,overcast clouds
420,Clyde River,CA,70.4692,-68.5914,39.43,100,100,9.22,light rain
421,Peleduy,RU,59.6289,112.7406,62.24,94,83,6.53,light rain
422,Novosergiyevka,RU,52.0934,53.6528,63.66,92,97,5.35,overcast clouds
423,Frutal,BR,-20.0247,-48.9406,74.23,34,0,6.15,clear sky
424,Saint-Joseph,RE,-21.3667,55.6167,64.78,79,17,8.5,few clouds
425,Livramento,BR,-3.0254,-60.1803,92.08,52,20,9.22,few clouds
426,Baherden,TM,38.4362,57.4316,86.25,39,50,3.0,scattered clouds
427,Tyukhtet,RU,56.5389,89.3011,50.9,92,100,4.27,overcast clouds
428,Tynda,RU,55.1667,124.7167,67.86,76,2,2.33,clear sky
429,Alghero,IT,40.5589,8.3181,75.29,88,0,1.14,clear sky
430,Coihaique,CL,-45.5752,-72.0662,35.55,75,100,0.0,overcast clouds
431,Victoria,HK,22.2855,114.1577,86.32,79,0,5.99,clear sky
432,Joshimath,IN,30.5667,79.5667,70.95,95,100,0.85,overcast clouds
433,Sukhumi,GE,43.0033,41.0153,69.85,83,83,2.53,broken clouds
434,Panzhihua,CN,26.5851,101.7128,70.66,90,100,2.13,light rain
435,Chibuto,MZ,-24.6867,33.5306,57.56,79,0,5.37,clear sky
436,San Felipe,VE,10.3399,-68.7425,78.15,89,64,4.07,broken clouds
437,Yulara,AU,-25.2406,130.9889,40.8,62,0,9.44,clear sky
438,Quatre Cocos,MU,-20.2078,57.7625,68.11,83,25,10.58,light rain
439,Tarbes,FR,43.25,0.1667,64.87,72,100,8.05,overcast clouds
440,Rawson,AR,-43.3002,-65.1023,45.72,94,100,7.52,light rain
441,Mazsalaca,LV,57.8633,25.0547,59.88,98,100,5.73,overcast clouds
442,Bonthe,SL,7.5264,-12.505,75.88,83,53,6.31,broken clouds
443,Utrecht,NL,52.0,5.25,60.96,74,100,1.01,overcast clouds
444,Alindao,CF,5.0267,21.2088,71.13,96,100,2.37,light rain
445,Rocky Mountain House,CA,52.3668,-114.9188,69.3,70,61,5.26,broken clouds
446,Ungheni,MD,47.2042,27.7958,76.28,47,0,8.05,clear sky
447,Panlaitan,PH,12.1191,119.8486,82.85,77,87,7.54,overcast clouds
448,Novikovo,RU,51.1537,37.8879,63.95,93,67,4.68,light rain
449,Sisimiut,GL,66.9395,-53.6735,42.58,85,89,5.64,overcast clouds
450,Puerto Quijarro,BO,-17.7833,-57.7667,82.89,27,2,1.07,clear sky
451,Minna,NG,9.6139,6.5569,74.88,88,96,3.91,light rain
452,Banes,CU,20.9625,-75.7186,84.61,66,21,20.0,few clouds
453,Bandarbeyla,SO,9.4942,50.8122,76.3,80,29,30.87,scattered clouds
454,Mitsamiouli,KM,-11.3847,43.2844,76.01,70,1,6.6,clear sky
455,Mali,GN,12.079,-12.2982,61.12,96,79,4.07,light rain
456,San Rafael,AR,-34.6177,-68.3301,46.99,100,100,8.05,fog
457,Eureka,US,40.8021,-124.1637,73.2,71,65,5.99,broken clouds
458,Nisia Floresta,BR,-6.0911,-35.2086,79.18,89,79,7.29,broken clouds
459,Udachnyy,RU,66.4167,112.4,68.45,77,89,7.47,overcast clouds
460,Aykhal,RU,66.0,111.5,70.3,70,72,8.32,broken clouds
461,Sardarpur,IN,22.678,74.9484,72.27,95,80,7.54,broken clouds
462,Port Said,EG,31.2565,32.2841,80.58,78,0,6.91,clear sky
463,Trinidad,BO,-14.8333,-64.9,93.18,43,40,6.91,scattered clouds
464,Komsomolskiy,UZ,40.4272,71.7189,83.12,36,4,4.61,clear sky
465,Cotonou,BJ,6.3654,2.4183,77.23,86,99,16.35,overcast clouds
466,Yingkou,CN,40.6648,122.2283,72.91,85,7,4.34,clear sky
467,Motygino,RU,58.1831,94.7592,55.18,98,100,7.27,light rain
468,Kidal,ML,18.4411,1.4078,98.26,9,85,9.69,overcast clouds
469,Brae,GB,60.3964,-1.353,49.87,84,14,8.23,few clouds
470,Le Vauclin,MQ,14.5452,-60.8388,84.25,74,20,13.8,few clouds
471,Saint-Augustin,CA,51.226,-58.6502,67.55,64,84,22.68,broken clouds
472,Koulamoutou,GA,-1.1303,12.4736,72.03,76,95,1.7,overcast clouds
473,Alamosa,US,37.4695,-105.87,78.78,41,0,4.16,clear sky
474,Half Moon Bay,US,37.4636,-122.4286,84.42,68,100,18.41,overcast clouds
475,Pangkalanbuun,ID,-2.6833,111.6167,73.02,99,99,2.01,overcast clouds
476,Bereda,ES,43.2686,-7.5406,58.14,95,80,6.08,broken clouds
477,Muros,ES,42.7762,-9.0603,66.09,74,5,13.67,clear sky
478,Hualmay,PE,-11.0964,-77.6139,64.44,76,76,13.24,broken clouds
479,Abu Samrah,SY,35.3029,37.1841,77.4,46,0,7.36,clear sky
480,Usinsk,RU,65.9939,57.5281,47.71,81,25,9.4,scattered clouds
481,Mold,GB,53.1667,-3.1414,57.79,89,15,4.18,few clouds
482,Alihe,CN,50.5667,123.7167,66.07,99,97,2.75,moderate rain
483,Tra Vinh,VN,9.9347,106.3453,76.8,93,100,3.47,overcast clouds
484,Bouna,CI,9.2667,-3.0,71.46,89,100,4.79,overcast clouds
485,Salalah,OM,17.0151,54.0924,75.29,100,75,9.22,light intensity drizzle
486,Nantucket,US,41.2835,-70.0995,80.71,74,0,8.05,clear sky
487,Sinaloa,MX,25.0,-107.5,88.25,43,95,5.06,overcast clouds
488,Askiz,RU,53.1319,90.5264,51.98,96,86,3.02,overcast clouds
489,Samarai,PG,-10.6167,150.6667,79.11,85,49,10.16,scattered clouds
490,Beloha,MG,-25.1667,45.05,59.41,84,0,2.19,clear sky
491,Bajos De Haina,DO,18.4154,-70.0332,87.76,68,40,0.0,scattered clouds
492,Wajir,KE,1.7471,40.0573,74.3,59,64,19.93,broken clouds
493,Lagoa,PT,39.05,-27.9833,73.47,88,28,11.5,scattered clouds
494,Strezhevoy,RU,60.7333,77.5889,60.85,97,100,5.14,overcast clouds
495,Qasigiannguit,GL,68.8193,-51.1922,46.65,98,100,3.91,overcast clouds
496,Fairbanks,US,64.8378,-147.7164,58.3,50,75,19.57,broken clouds
497,Ancud,CL,-41.8697,-73.8203,51.22,93,92,9.33,light rain
498,Stykkisholmur,IS,65.0757,-22.7297,52.92,89,100,8.41,overcast clouds
499,Qeshm,IR,26.9581,56.2719,84.09,84,100,10.85,heavy intensity rain
500,Gogaran,AM,40.8926,44.1992,60.64,97,46,3.94,scattered clouds
501,Sasovo,RU,54.3537,41.9199,66.96,83,3,4.43,clear sky
502,Homer,US,59.6425,-151.5483,57.07,71,0,10.36,clear sky
503,Isla Mujeres,MX,21.2311,-86.731,89.65,67,10,9.91,clear sky
504,Omsukchan,RU,62.5333,155.8,61.74,39,100,4.9,overcast clouds
505,Maceio,BR,-9.6658,-35.7353,74.64,88,100,5.75,overcast clouds
506,Pennathur,IN,12.25,79.2333,79.36,74,99,1.12,overcast clouds
507,Margate,GB,51.3813,1.3862,63.3,72,100,1.99,overcast clouds
508,Leh,IN,34.1667,77.5833,55.35,85,99,5.55,overcast clouds
509,Cleburne,US,32.3476,-97.3867,105.44,27,0,14.97,clear sky
510,Gushikawa,JP,26.3544,127.8686,80.6,89,0,4.61,clear sky
511,Mirnyy,RU,62.5353,113.9611,71.24,64,0,3.09,clear sky
512,Karratha,AU,-20.7377,116.8463,66.94,30,5,9.91,clear sky
513,Dunedin,NZ,-45.8742,170.5036,46.45,97,100,10.45,overcast clouds
514,Mocuba,MZ,-16.8392,36.9856,62.98,88,89,3.18,overcast clouds
515,Santa Maria,BR,-29.6842,-53.8069,67.3,88,0,4.61,clear sky
516,Marietta,US,33.9526,-84.5499,91.94,59,75,10.36,broken clouds
517,Coquimbo,CL,-29.9533,-71.3436,56.93,82,20,11.5,few clouds
518,Novopokrovka,UA,49.8425,36.5477,62.85,87,42,4.38,scattered clouds
519,Pochutla,MX,15.7432,-96.4661,86.83,75,94,3.4,overcast clouds
520,Raudeberg,NO,61.9875,5.1352,50.67,79,99,17.22,overcast clouds
521,Marienburg,PL,54.0359,19.0266,58.87,81,47,6.2,scattered clouds
522,Musiri,IN,10.9333,78.45,78.84,82,99,6.55,moderate rain
523,Warrington,GB,53.3925,-2.5802,58.98,80,20,5.75,few clouds
524,Porto Torres,IT,40.835,8.3972,75.38,68,0,5.48,clear sky
525,Poysdorf,AT,48.6667,16.6333,67.28,87,39,1.88,scattered clouds
526,Acapulco,MX,16.8634,-99.8901,85.46,68,79,6.4,broken clouds
527,Severo-Kurilsk,RU,50.6789,156.125,54.52,81,96,6.13,overcast clouds
528,Faya,SA,18.3851,42.4509,66.31,71,100,4.9,overcast clouds
529,San Roque,ES,36.2107,-5.3842,83.23,39,0,11.5,clear sky
530,San Javier,ES,37.8063,-0.8374,83.46,75,75,4.61,broken clouds
531,Chateaudun,FR,48.0833,1.3333,67.95,66,28,7.61,scattered clouds
532,Clyde,US,41.3042,-82.9752,82.9,54,81,3.71,broken clouds
533,Okitipupa,NG,6.5047,4.7839,73.47,98,94,2.93,light rain
534,Hurghada,EG,27.2574,33.8129,89.64,25,0,5.75,clear sky
535,Boende,CD,-0.2167,20.8667,71.64,96,100,3.49,overcast clouds
536,Tunggol,PH,5.8446,121.1544,79.68,83,100,9.53,light rain
537,Dzerzhinskoye,RU,56.8344,95.2283,52.41,96,100,5.01,overcast clouds
538,Pucallpa,PE,-8.3791,-74.5539,80.64,78,75,5.75,broken clouds
539,Vytegra,RU,61.0064,36.4481,61.77,97,37,6.02,scattered clouds
540,Vila,PT,42.0304,-8.1588,59.88,80,0,4.29,clear sky
541,Cauquenes,CL,-35.9671,-72.3225,50.43,85,77,5.53,broken clouds
542,Alvand,IR,36.3187,49.1678,59.22,75,11,6.22,few clouds
543,Bertoua,CM,4.5833,13.6833,68.32,98,98,2.86,light rain
544,Ballina,AU,-28.8667,153.5667,51.01,63,0,12.48,clear sky
545,Aksu,CN,41.1231,80.2644,82.65,25,3,1.59,clear sky
546,Ruteng,ID,-8.6136,120.4721,57.99,86,77,1.92,broken clouds
547,Goure,NE,13.9835,10.2704,90.01,45,66,19.28,broken clouds
548,Tshane,BW,-24.0196,21.8684,65.21,34,87,4.32,overcast clouds
549,Vao,NC,-22.6667,167.4833,67.98,63,0,8.41,clear sky
550,Matay,EG,28.419,30.7792,85.33,22,0,10.83,clear sky
551,Tari,NG,12.4086,4.4914,82.6,69,99,15.12,overcast clouds
552,Atalaia,BR,-9.5019,-36.0228,73.9,97,96,4.36,overcast clouds
553,Lang Suan,TH,9.9456,99.0785,78.37,87,91,1.48,overcast clouds
554,Jogighopa,IN,26.2333,90.5833,76.66,92,26,3.06,scattered clouds
555,San Quintin,MX,30.4833,-115.95,73.78,65,14,12.64,few clouds
556,Frolishchi,RU,56.4211,42.6533,64.63,92,7,5.23,clear sky
557,Harper,LR,4.375,-7.7169,75.49,79,100,10.67,overcast clouds
558,Soto La Marina,MX,23.7667,-98.2167,94.77,42,46,19.17,scattered clouds
559,Kaspiyskiy,RU,45.3929,47.3707,78.03,60,40,8.16,scattered clouds
560,Port Blair,IN,11.6667,92.75,80.83,82,100,2.66,overcast clouds
561,Gua Musang,MY,4.8823,101.9644,74.26,99,100,2.19,overcast clouds
562,Chimbote,PE,-9.0853,-78.5783,64.42,79,56,10.92,broken clouds
563,Christchurch,NZ,-43.5333,172.6333,48.4,91,75,14.97,broken clouds
564,Kibala,TD,9.1104,18.3463,75.15,100,40,2.3,scattered clouds
565,Ixtapa,MX,20.7,-105.2,86.23,74,100,6.91,overcast clouds
566,Barra,BR,-11.0894,-43.1417,75.96,46,100,1.83,overcast clouds
567,Borba,BR,-4.3878,-59.5939,85.39,47,85,2.28,overcast clouds
568,Doha,QA,25.2867,51.5333,95.31,68,100,9.22,light rain
569,Ranong,TH,9.9658,98.6348,77.68,89,72,2.86,broken clouds
570,Parkersburg,US,39.2667,-81.5615,76.15,91,100,3.44,overcast clouds
571,Talaya,RU,61.3833,152.75,53.53,83,100,7.23,moderate rain
572,Beyneu,KZ,45.3167,55.2,77.32,45,0,9.24,clear sky
573,Alugan,PH,12.2188,125.4808,78.28,88,98,4.88,overcast clouds
574,Benghazi,LY,32.1167,20.0667,80.51,76,0,9.33,clear sky
575,Avera,US,33.194,-82.5271,92.71,33,91,9.19,overcast clouds
576,Kangaatsiaq,GL,68.3065,-53.4641,40.37,94,100,7.23,overcast clouds
577,Zeya,RU,53.75,127.2667,72.21,68,0,2.75,clear sky
578,Neryungri,RU,56.6709,124.6491,69.8,68,0,3.4,clear sky
579,Shirokiy,RU,49.758,129.523,69.85,88,5,5.66,clear sky
580,Trenggalek,ID,-8.05,111.7167,71.01,94,42,0.98,scattered clouds
581,Circleville,US,39.6006,-82.946,77.68,83,100,0.0,overcast clouds
582,San Cristobal,VE,7.7669,-72.225,80.78,74,40,4.07,scattered clouds
583,Payo,ID,-3.7508,103.6372,72.39,98,100,1.63,overcast clouds
584,Hudson,US,40.7168,-74.0663,84.2,46,0,13.8,clear sky
585,Petropavlovsk-Kamchatskiy,RU,53.0452,158.6483,57.79,82,75,2.24,light rain
586,Bandarban,BD,22.1965,92.2262,74.48,98,38,1.16,scattered clouds
587,George,ZA,-33.963,22.4617,54.95,62,100,6.91,overcast clouds
588,Teguldet,RU,57.3064,88.1667,50.88,95,100,2.66,overcast clouds
589,Trelew,AR,-43.249,-65.3051,45.48,95,100,6.71,light rain
590,Sabang,ID,5.8933,95.3214,80.58,76,100,8.37,moderate rain
591,Salinas,US,36.6777,-121.6555,82.99,58,0,16.11,clear sky
592,Naze,JP,28.3667,129.4833,74.32,75,5,5.97,clear sky
593,Pho Thong,TH,14.6673,100.4088,80.24,88,30,3.83,scattered clouds
594,Diego De Almagro,CL,-26.3667,-70.05,65.8,36,9,4.83,clear sky
595,Abdanan,IR,32.9926,47.4198,81.32,10,0,11.25,clear sky
596,Grimsby,GB,53.5654,-0.0755,59.99,74,100,6.91,overcast clouds
597,Farah,AF,32.5,62.5,88.41,38,18,7.05,few clouds
598,Dwarka,IN,22.2394,68.9678,81.93,83,100,15.55,overcast clouds
599,Bryan,US,30.6744,-96.37,102.81,32,40,13.8,scattered clouds
600,Sechura,PE,-5.5569,-80.8222,70.39,66,89,16.67,overcast clouds
601,Archidona,ES,37.0965,-4.3887,80.91,27,0,0.69,clear sky
602,Cabedelo,BR,-6.9811,-34.8339,75.87,83,82,12.19,broken clouds
603,Ouango,CF,4.3133,22.5552,70.86,97,100,0.25,overcast clouds
604,Mormugao,IN,15.4,73.8,78.13,83,100,5.26,overcast clouds
605,Rajbiraj,NP,26.5333,86.75,79.84,83,100,5.55,overcast clouds
606,Killybegs,IE,54.6333,-8.45,54.05,78,19,2.35,few clouds
607,Zhangye,CN,38.9342,100.4517,67.42,40,1,8.55,clear sky
608,Sorong,ID,-0.8833,131.25,76.1,91,61,7.87,broken clouds
609,Thunder Bay,CA,48.4001,-89.3168,71.58,78,100,11.5,overcast clouds
610,Ekhabi,RU,53.5102,142.9671,56.68,87,100,6.04,overcast clouds
611,Fez,MA,34.0372,-4.9998,84.45,23,0,9.22,clear sky
612,Namatanai,PG,-3.6667,152.4333,81.54,71,78,7.16,broken clouds
613,Andilamena,MG,-17.0167,48.5833,53.76,96,49,4.36,scattered clouds
614,Korla,CN,41.7597,86.1469,81.75,20,2,4.32,clear sky
615,Nanakuli,US,21.3906,-158.1547,84.15,57,100,10.36,overcast clouds
616,Moron,AR,-34.6534,-58.6198,69.94,93,89,4.72,overcast clouds
617,Beringovskiy,RU,63.05,179.3167,48.0,88,100,7.49,light rain
618,Ust-Nera,RU,64.5667,143.2,67.24,68,37,5.55,scattered clouds
619,Panama City,PA,8.9936,-79.5197,85.95,76,40,10.36,scattered clouds
620,San Mariano,PH,7.5,126.0,72.05,92,93,2.66,overcast clouds
621,Waitati,NZ,-45.75,170.5667,46.22,98,100,5.61,light rain
622,Tiarei,PF,-17.5333,-149.3333,78.82,84,100,14.67,moderate rain
623,Tripoli,LY,32.8752,13.1875,82.04,56,0,3.89,clear sky
624,Devils Lake,US,48.1128,-98.8651,75.31,52,20,17.27,few clouds
625,Macapsing,PH,15.6783,121.1319,76.68,94,100,0.45,overcast clouds
626,San Angelo,US,31.4638,-100.437,103.1,20,0,14.97,clear sky
627,Winnemucca,US,40.973,-117.7357,100.45,6,0,9.22,clear sky
628,Ulladulla,AU,-35.35,150.4667,47.91,67,21,8.66,few clouds
629,Vitim,RU,59.4511,112.5578,61.75,93,91,5.86,overcast clouds
630,North Bend,US,43.4065,-124.2243,83.25,83,0,11.5,clear sky
631,Tombouctou,ML,20.0,-3.0,100.26,9,0,9.51,clear sky
632,Viesca,MX,25.35,-102.8,89.64,26,99,1.86,overcast clouds
633,Chumikan,RU,54.7183,135.315,56.41,84,3,3.2,clear sky
634,Nahan,IN,30.55,77.3,77.36,72,96,4.63,overcast clouds
635,Victor Harbor,AU,-35.5667,138.6167,49.68,78,100,12.84,overcast clouds
636,Eyl,SO,7.9803,49.8164,76.5,75,5,23.42,clear sky
637,Banda Aceh,ID,5.5577,95.3222,77.52,83,100,9.19,overcast clouds
638,Nokaneng,BW,-19.6667,22.2667,59.99,35,2,7.4,clear sky
639,Lima,PE,-12.0432,-77.0282,59.25,82,100,11.5,overcast clouds
640,Bejar,ES,40.3864,-5.7634,67.28,43,0,4.23,clear sky
641,Witbank,ZA,-25.8713,29.2332,49.87,63,5,3.98,clear sky
642,High Level,CA,58.5169,-117.136,78.91,47,75,11.5,broken clouds
643,Felipe Carrillo Puerto,MX,19.5833,-88.05,91.06,48,45,7.16,scattered clouds
644,Moose Jaw,CA,50.4001,-105.5344,66.45,59,81,19.57,broken clouds
645,Camacupa,AO,-12.0167,17.4833,57.54,36,1,4.14,clear sky
646,Tessalit,ML,20.1986,1.0114,98.24,9,21,5.59,few clouds
647,Abapo,BO,-18.8333,-63.4667,79.25,45,1,11.61,clear sky
648,Ishinomaki,JP,38.4167,141.3,77.0,90,12,1.66,few clouds
649,Diban,SY,35.0365,40.5167,90.05,13,0,10.87,clear sky
650,Harnoli,PK,32.2792,71.5539,90.55,58,100,4.85,overcast clouds
651,Spencer,US,43.1414,-95.1444,80.71,57,100,8.05,overcast clouds
652,Mayo,US,38.8876,-76.5119,79.99,78,100,3.44,overcast clouds
653,Bonao,DO,18.9369,-70.4092,82.38,72,31,5.57,scattered clouds
654,Middle Island,US,40.8843,-72.9373,81.28,63,0,10.36,clear sky
655,Santa Luzia,BR,-19.7697,-43.8514,70.88,49,0,9.22,clear sky
656,Paita,PE,-5.0892,-81.1144,65.77,81,98,18.23,overcast clouds
657,Tutoia,BR,-2.7619,-42.2744,78.46,77,45,9.15,scattered clouds
658,Alzamay,RU,55.5562,98.6644,49.26,97,3,3.71,clear sky
659,Nchelenge,ZM,-9.3451,28.734,68.09,48,63,6.71,broken clouds
660,Narkanda,IN,31.2548,77.4613,54.61,97,100,0.89,light rain
661,Xining,CN,36.6167,101.7667,54.39,85,89,1.48,overcast clouds
662,Bognor Regis,GB,50.7821,-0.6798,66.97,75,93,4.45,overcast clouds
663,San Juan Pueblo,HN,15.5833,-87.2333,84.96,84,83,4.14,broken clouds
664,Rafai,CF,4.95,23.9167,68.94,97,100,0.51,overcast clouds
665,Volda,NO,62.1476,6.0741,53.92,87,75,2.3,broken clouds
666,Paamiut,GL,61.994,-49.6678,42.71,90,10,20.33,clear sky
667,Waddan,LY,29.1614,16.139,82.78,34,0,14.14,clear sky
668,Verkhnechusovskiye Gorodki,RU,58.1671,57.1086,54.0,94,20,3.8,few clouds
669,Salym,RU,60.0625,71.4789,52.93,76,31,5.53,scattered clouds
670,Wetaskiwin,CA,52.9668,-113.3687,73.67,75,40,8.08,scattered clouds
671,Yongan,CN,39.6957,113.6871,65.5,83,99,4.41,overcast clouds
672,Mayumba,GA,-3.432,10.6554,69.06,91,16,4.59,few clouds
673,Vagur,FO,61.4732,-6.8119,52.34,81,99,10.92,overcast clouds
674,Nizwa,OM,22.9333,57.5333,78.06,83,98,6.44,light rain
675,Okhotsk,RU,59.3833,143.3,61.48,76,100,3.18,overcast clouds
676,Yumen,CN,40.2833,97.2,73.49,17,7,10.29,clear sky
677,Labuhan,ID,-6.8844,112.2051,74.14,85,76,7.43,broken clouds
678,Inongo,CD,-1.95,18.2667,69.55,91,71,6.73,broken clouds
679,Ascension,US,30.2169,-90.9001,86.0,85,100,8.05,light rain
680,Guerrero Negro,MX,27.9769,-114.0611,81.37,51,36,13.91,scattered clouds
681,Krasnoyarka,RU,55.3333,73.1167,75.15,89,98,5.57,overcast clouds
682,Guhagar,IN,17.4842,73.1929,78.04,86,100,0.22,light rain
683,Bafoulabe,ML,13.8065,-10.8321,81.09,81,66,4.97,light rain
684,Aanekoski,FI,62.6946,25.818,61.86,100,77,9.04,broken clouds
685,Luanda,AO,-8.8368,13.2343,71.6,83,75,8.05,broken clouds
686,Ontario,US,34.0633,-117.6509,102.87,41,20,14.97,few clouds
687,Zyryanovsk,KZ,49.7386,84.2719,53.35,73,1,1.86,clear sky
688,Hailar,CN,49.2,119.7,64.9,88,27,7.0,scattered clouds
689,Solnechnyy,RU,50.7214,136.6319,59.45,92,100,3.36,light rain
690,Kansas City,US,39.0997,-94.5786,82.58,82,40,8.05,scattered clouds
691,Melo,UY,-32.3667,-54.1833,66.45,88,63,4.45,broken clouds
692,Decatur,US,39.8403,-88.9548,75.97,88,100,0.0,overcast clouds
693,Tuy Hoa,VN,13.0833,109.3,75.92,91,93,3.96,overcast clouds
694,Corlu,TR,41.1592,27.8,67.98,68,0,5.75,clear sky
695,Kununurra,AU,-15.7667,128.7333,71.58,33,27,10.36,scattered clouds
696,Santa Rosa,PH,14.3122,121.1114,78.78,89,91,1.92,overcast clouds
697,Rameswaram,IN,9.2833,79.3,82.0,74,92,2.66,overcast clouds
698,Corowa,AU,-36.0333,146.3833,44.78,93,84,6.67,broken clouds
699,Agadez,NE,19.75,10.25,88.23,13,51,9.95,broken clouds
700,Sola,VU,-13.8833,167.55,81.27,83,75,0.0,broken clouds
701,Pizarro,CO,4.9533,-77.366,79.68,81,39,7.67,light rain
702,Caluquembe,AO,-13.7833,14.6833,58.39,30,1,1.39,clear sky
703,Hofn,IS,64.2539,-15.2082,50.25,88,100,2.3,overcast clouds
704,Daru,PG,-9.0763,143.2092,76.05,86,100,13.85,overcast clouds
705,Chuzhou,CN,32.3219,118.2978,73.8,91,0,1.52,clear sky
706,Oudtshoorn,ZA,-33.5907,22.2014,53.96,52,84,3.62,broken clouds
707,Port Arthur,CN,38.8,121.2667,77.22,90,42,9.15,scattered clouds
708,Lahad Datu,MY,5.0268,118.327,75.52,89,98,1.88,overcast clouds
709,Sao Felix Do Xingu,BR,-6.6447,-51.995,81.9,43,79,2.15,broken clouds
710,Kingston,JM,17.997,-76.7936,77.95,73,75,28.77,light rain
711,Tabas,IR,33.5959,56.9244,92.91,24,20,5.82,few clouds
712,Inhambane,MZ,-23.865,35.3833,63.21,74,0,4.21,clear sky
713,Wahpeton,US,46.2652,-96.6059,75.92,64,75,11.5,broken clouds
714,Bure,ET,10.7,37.0667,57.34,95,100,1.92,overcast clouds
715,Raga,SS,8.4596,25.678,69.28,95,100,6.08,overcast clouds
716,Ereymentau,KZ,51.6199,73.1033,72.14,34,94,6.33,overcast clouds
